log,label
Method getAllAppointments took 3100 ms to complete,PERFORMANCE_WARNING
Validation failed: email must be a well-formed email address,VALIDATION_ERROR
SQL injection pattern detected in request parameter for /api/appointments/{id}/status,SECURITY_ALERT
Failed to parse JWT claims for request to /api/auth/login,AUTHENTICATION_ERROR
Unusual number of admin actions performed by user 60021 in a short period,SECURITY_ALERT
Invalid request body for endpoint /api/auth/register: missing required field 'serviceId',VALIDATION_ERROR
Exception in method: createAppointment | Message: Requested slot is no longer available,APPLICATION_ERROR
Deprecated API version used by client for endpoint /api/services,WARNING
Placeholder log entry 8891 pending removal,UNKNOWN
JWT token missing on protected endpoint /api/auth/login,AUTHENTICATION_ERROR
Query timeout while fetching appointments for user 9002,DATABASE_ERROR
Unable to reach downstream service from 203.0.113.42,NETWORK_ERROR
Failed to connect to PostgreSQL database,DATABASE_ERROR
Possible brute force attack detected against /api/auth/login from 198.51.100.7,SECURITY_ALERT
Unusual number of admin actions performed by user 555 in a short period,SECURITY_ALERT
Uninterpreted binary blob logged at offset 9002,UNKNOWN
Connection reset by peer while streaming websocket data for user 9002,NETWORK_ERROR
Unclassified telemetry ping from unknown source 192.168.1.10,UNKNOWN
Legacy subsystem emitted an unrecognized diagnostic code 60021,UNKNOWN
User 31 attempted to book an already-cancelled appointment,WARNING
Placeholder log entry 8891 pending removal,UNKNOWN
Slow response detected for /api/auth/login: 1500 ms,PERFORMANCE_WARNING
Data truncation: Data too long for column 'notes' at row 1,DATABASE_ERROR
Unable to reach downstream service from 203.0.113.42,NETWORK_ERROR
Appointment 4471 cancelled by user 9002,INFO
Validation failed: password must be at least 8 characters,VALIDATION_ERROR
IllegalStateException: working schedule not initialized for staff 9002,APPLICATION_ERROR
Appointment 4471 cancelled by user 555,INFO
Expired JWT token for user 203,AUTHENTICATION_ERROR
Slow response detected for /api/appointments/{id}/cancel: 120 ms,PERFORMANCE_WARNING
OutOfMemoryError: Java heap space in appointment-service container (attempt 77410),SYSTEM_ERROR
Appointment created successfully for user 12345 with service svc-77,INFO
Appointment created successfully for user 203 with service svc-330,INFO
Connection reset by peer while streaming websocket data for user 9002,NETWORK_ERROR
Thread pool queue depth elevated while processing /api/services requests,PERFORMANCE_WARNING
Legacy subsystem emitted an unrecognized diagnostic code 9002,UNKNOWN
"Docker health check failed for spring-app container, retry 12345",SYSTEM_ERROR
Placeholder log entry 9002 pending removal,UNKNOWN
Table 'appointmentdb.working_schedule' doesn't exist,DATABASE_ERROR
Unclassified telemetry ping from unknown source 192.168.1.10,UNKNOWN
SocketTimeoutException while sending reminder email to admin@system.local,NETWORK_ERROR
Account for user 4471 locked after repeated failed authentication attempts,SECURITY_ALERT
Validation failed: email must be a well-formed email address,VALIDATION_ERROR
Repeated 401 Unauthorized responses from IP 172.17.0.3 within short window,SECURITY_ALERT
"Cache miss for service svc-9 listing, falling back to database",WARNING
Login failed for user admin@system.local: invalid credentials,AUTHENTICATION_ERROR
Appointment created successfully for user 203 with service svc-101,INFO
Validation failed: username already exists,VALIDATION_ERROR
IllegalStateException: working schedule not initialized for staff 31,APPLICATION_ERROR
Invalid request body for endpoint /api/auth/register: missing required field 'serviceId',VALIDATION_ERROR
"Working schedule overlaps detected for staff member 12345, auto-resolved",WARNING
Connection refused while connecting to MySQL at mysql:3306,DATABASE_ERROR
NullPointerException while processing appointment request for user 77410,APPLICATION_ERROR
Deprecated API version used by client for endpoint /api/services,WARNING
SocketTimeoutException while sending reminder email to admin@system.local,NETWORK_ERROR
NullPointerException while processing appointment request for user 203,APPLICATION_ERROR
Login failed for user staff2@clinic.local: invalid credentials,AUTHENTICATION_ERROR
Account for user 555 locked after repeated failed authentication attempts,SECURITY_ALERT
Slow response detected for /api/services: 6100 ms,PERFORMANCE_WARNING
User 60021 does not have permission to access /api/auth/login,AUTHORIZATION_ERROR
Validation failed: password must be at least 8 characters,VALIDATION_ERROR
NullPointerException while processing appointment request for user 12345,APPLICATION_ERROR
Exception in method: createAppointment | Message: Requested slot is no longer available,APPLICATION_ERROR
Failed to parse JWT claims for request to /api/appointments,AUTHENTICATION_ERROR
Failed to serialize response for endpoint /api/admin/schedules,APPLICATION_ERROR
Query timeout while fetching appointments for user 203,DATABASE_ERROR
Unable to reach downstream service from 10.0.0.5,NETWORK_ERROR
JWT signature does not match locally computed signature,AUTHENTICATION_ERROR
Suspicious request payload containing script tags blocked for /api/appointments/{id}/status,SECURITY_ALERT
Failed to connect to PostgreSQL database,DATABASE_ERROR
Rejected request: appointment duration must be positive,VALIDATION_ERROR
org.hibernate.exception.ConstraintViolationException: could not execute statement,DATABASE_ERROR
IllegalStateException: working schedule not initialized for staff 60021,APPLICATION_ERROR
User 77410 registered a new account,INFO
WebSocket connection established for user 77410,INFO
Unhandled RuntimeException in AppointmentService.getAvailableSlots,APPLICATION_ERROR
AuthenticationException: Bad credentials for user user@example.com,AUTHENTICATION_ERROR
Appointment 9002 requested for a slot close to closing time,WARNING
User 60021 does not have permission to access /api/appointments,AUTHORIZATION_ERROR
Invalid request body for endpoint /api/services/{id}/available-slots: missing required field 'serviceId',VALIDATION_ERROR
Failed to parse JWT claims for request to /api/services,AUTHENTICATION_ERROR
Connection reset by peer while streaming websocket data for user 60021,NETWORK_ERROR
Unusual number of admin actions performed by user 8891 in a short period,SECURITY_ALERT
User 8891 attempted to access admin-only endpoint /api/auth/login,AUTHORIZATION_ERROR
User 9002 does not have permission to access /api/services,AUTHORIZATION_ERROR
Disk space critically low on mysql-db volume (3100 MB free),SYSTEM_ERROR
Appointment 4471 cancelled by user 77410,INFO
Connection reset by peer while streaming websocket data for user 77410,NETWORK_ERROR
Legacy subsystem emitted an unrecognized diagnostic code 31,UNKNOWN
xkcd-node-9002 heartbeat received on unmapped channel,UNKNOWN
SQL injection pattern detected in request parameter for /api/appointments/{id}/cancel,SECURITY_ALERT
Failed to serialize response for endpoint /api/admin/schedules,APPLICATION_ERROR
"Working schedule overlaps detected for staff member 8891, auto-resolved",WARNING
"Working schedule overlaps detected for staff member 203, auto-resolved",WARNING
"Working schedule overlaps detected for staff member 12345, auto-resolved",WARNING
Appointment API request took 3100 ms,PERFORMANCE_WARNING
IllegalStateException: working schedule not initialized for staff 77410,APPLICATION_ERROR
User 8891 attempted to book an already-cancelled appointment,WARNING
JWT token missing on protected endpoint /api/appointments,AUTHENTICATION_ERROR
Slow response detected for /api/services: 2200 ms,PERFORMANCE_WARNING
"JVM garbage collector could not reclaim memory, heap dump 60021 written",SYSTEM_ERROR
User 9002 does not have permission to access /api/appointments,AUTHORIZATION_ERROR
User 31 does not have permission to access /api/services/{id}/available-slots,AUTHORIZATION_ERROR
"Working schedule overlaps detected for staff member 555, auto-resolved",WARNING
User 8891 attempted to access admin-only endpoint /api/appointments/{id}/status,AUTHORIZATION_ERROR
"Connection pool exhausted, unable to obtain JDBC connection for appointmentdb",DATABASE_ERROR
"Docker health check failed for spring-app container, retry 31",SYSTEM_ERROR
Login failed for user admin@system.local: invalid credentials,AUTHENTICATION_ERROR
Failed to parse JWT claims for request to /api/appointments/{id}/status,AUTHENTICATION_ERROR
Account for user 77410 locked after repeated failed authentication attempts,SECURITY_ALERT
Query timeout while fetching appointments for user 9002,DATABASE_ERROR
Malformed Authorization header on request to /api/services,AUTHENTICATION_ERROR
Malformed Authorization header on request to /api/appointments,AUTHENTICATION_ERROR
Unusual number of admin actions performed by user 203 in a short period,SECURITY_ALERT
NullPointerException while processing appointment request for user 9002,APPLICATION_ERROR
Deprecated API version used by client for endpoint /api/appointments/{id}/status,WARNING
Unable to reach downstream service from 198.51.100.7,NETWORK_ERROR
Account for user 203 locked after repeated failed authentication attempts,SECURITY_ALERT
Miscellaneous debug marker 8891 left in codebase,UNKNOWN
Appointment 9002 cancelled by user 4471,INFO
Failed to acquire JDBC Connection: HikariPool-1 connection is not available,DATABASE_ERROR
org.hibernate.exception.ConstraintViolationException: could not execute statement,DATABASE_ERROR
Deprecated API version used by client for endpoint /api/appointments/{id}/status,WARNING
Validation failed: username already exists,VALIDATION_ERROR
Multiple failed login attempts detected from the same IP 198.51.100.7,SECURITY_ALERT
User 4471 attempted to access admin-only endpoint /api/appointments,AUTHORIZATION_ERROR
User 60021 attempted to book an already-cancelled appointment,WARNING
Disk space critically low on mysql-db volume (2200 MB free),SYSTEM_ERROR
403 Forbidden returned for request to /api/appointments/{id}/cancel by user 4471,AUTHORIZATION_ERROR
Expired JWT token for user 4471,AUTHENTICATION_ERROR
Query timeout while fetching appointments for user 12345,DATABASE_ERROR
User 9002 does not have permission to access /api/auth/register,AUTHORIZATION_ERROR
User 4471 attempted to access admin-only endpoint /api/appointments/{id}/status,AUTHORIZATION_ERROR
Table 'appointmentdb.working_schedule' doesn't exist,DATABASE_ERROR
Malformed Authorization header on request to /api/services,AUTHENTICATION_ERROR
Appointment created successfully for user 12345 with service svc-101,INFO
Appointment created successfully for user 31 with service svc-77,INFO
Appointment created successfully for user 203 with service svc-101,INFO
Unhandled RuntimeException in AppointmentService.getAvailableSlots,APPLICATION_ERROR
"JVM garbage collector could not reclaim memory, heap dump 203 written",SYSTEM_ERROR
User 4471 attempted to access admin-only endpoint /api/services,AUTHORIZATION_ERROR
Invalid request body for endpoint /api/appointments/{id}/status: missing required field 'serviceId',VALIDATION_ERROR
403 Forbidden returned for request to /api/auth/login by user 77410,AUTHORIZATION_ERROR
Invalid request body for endpoint /api/appointments/{id}/cancel: missing required field 'serviceId',VALIDATION_ERROR
Slow response detected for /api/admin/schedules: 6100 ms,PERFORMANCE_WARNING
Legacy subsystem emitted an unrecognized diagnostic code 60021,UNKNOWN
Slow response detected for /api/auth/login: 4200 ms,PERFORMANCE_WARNING
User 9002 registered a new account,INFO
Appointment 4471 cancelled by user 60021,INFO
Multiple failed login attempts detected from the same IP 198.51.100.7,SECURITY_ALERT
SocketTimeoutException while sending reminder email to staff2@clinic.local,NETWORK_ERROR
Connection reset by peer while streaming websocket data for user 77410,NETWORK_ERROR
Connection reset by peer while streaming websocket data for user 60021,NETWORK_ERROR
"Cache miss for service svc-330 listing, falling back to database",WARNING
Malformed Authorization header on request to /api/admin/schedules,AUTHENTICATION_ERROR
Appointment 60021 cancelled by user 203,INFO
Appointment 203 cancelled by user 203,INFO
Unclassified telemetry ping from unknown source 203.0.113.42,UNKNOWN
User 31 attempted to access admin-only endpoint /api/auth/login,AUTHORIZATION_ERROR
Thread pool queue depth elevated while processing /api/services/{id}/available-slots requests,PERFORMANCE_WARNING
Connection refused while connecting to MySQL at mysql:3306,DATABASE_ERROR
xkcd-node-203 heartbeat received on unmapped channel,UNKNOWN
"JVM garbage collector could not reclaim memory, heap dump 31 written",SYSTEM_ERROR
User 555 does not have permission to access /api/auth/register,AUTHORIZATION_ERROR
403 Forbidden returned for request to /api/admin/schedules by user 77410,AUTHORIZATION_ERROR
Validation failed: password must be at least 8 characters,VALIDATION_ERROR
Thread pool queue depth elevated while processing /api/appointments/{id}/status requests,PERFORMANCE_WARNING
Unable to reach downstream service from 10.0.0.5,NETWORK_ERROR
Slow response detected for /api/appointments/{id}/cancel: 80 ms,PERFORMANCE_WARNING
Reminder email sent to admin@system.local for upcoming appointment,INFO
StackOverflowError encountered while processing recursive schedule computation for staff 555,SYSTEM_ERROR
Unable to reach downstream service from 172.17.0.3,NETWORK_ERROR
User 9002 attempted to access admin-only endpoint /api/appointments,AUTHORIZATION_ERROR
Appointment 9002 cancelled by user 555,INFO
Invalid request body for endpoint /api/appointments/{id}/cancel: missing required field 'serviceId',VALIDATION_ERROR
User 203 does not have permission to access /api/services/{id}/available-slots,AUTHORIZATION_ERROR
User 12345 does not have permission to access /api/auth/register,AUTHORIZATION_ERROR
Validation failed: startTime must not be null,VALIDATION_ERROR
403 Forbidden returned for request to /api/appointments/{id}/status by user 31,AUTHORIZATION_ERROR
403 Forbidden returned for request to /api/appointments by user 555,AUTHORIZATION_ERROR
User 555 attempted to access admin-only endpoint /api/appointments,AUTHORIZATION_ERROR
Database query for available slots took 80 ms,PERFORMANCE_WARNING
Slow response detected for /api/services: 7300 ms,PERFORMANCE_WARNING
Query timeout while fetching appointments for user 60021,DATABASE_ERROR
Exception in method: cancelAppointment | Message: Appointment 9002 not found,APPLICATION_ERROR
Exception in method: cancelAppointment | Message: Appointment 555 not found,APPLICATION_ERROR
Query timeout while fetching appointments for user 203,DATABASE_ERROR
Appointment API request took 5000 ms,PERFORMANCE_WARNING
No handler registered for event type 9002,UNKNOWN
Database query for available slots took 2200 ms,PERFORMANCE_WARNING
Slow response detected for /api/admin/schedules: 200 ms,PERFORMANCE_WARNING
NullPointerException while processing appointment request for user 12345,APPLICATION_ERROR
Rejected request: appointment duration must be positive,VALIDATION_ERROR
AccessDeniedException: role CUSTOMER cannot perform this action on /api/admin/schedules,AUTHORIZATION_ERROR
"JVM garbage collector could not reclaim memory, heap dump 77410 written",SYSTEM_ERROR
MethodArgumentNotValidException: appointment date must be in the future,VALIDATION_ERROR
Failed to serialize response for endpoint /api/auth/register,APPLICATION_ERROR
Failed to serialize response for endpoint /api/services,APPLICATION_ERROR
Failed to serialize response for endpoint /api/appointments,APPLICATION_ERROR
Connection reset by peer while streaming websocket data for user 555,NETWORK_ERROR
JWT token missing on protected endpoint /api/appointments/{id}/cancel,AUTHENTICATION_ERROR
Malformed Authorization header on request to /api/appointments,AUTHENTICATION_ERROR
Connection reset by peer while streaming websocket data for user 77410,NETWORK_ERROR
Slow response detected for /api/appointments: 310 ms,PERFORMANCE_WARNING
403 Forbidden returned for request to /api/appointments/{id}/status by user 8891,AUTHORIZATION_ERROR
OutOfMemoryError: Java heap space in appointment-service container (attempt 555),SYSTEM_ERROR
xkcd-node-12345 heartbeat received on unmapped channel,UNKNOWN
Legacy subsystem emitted an unrecognized diagnostic code 31,UNKNOWN
User 60021 attempted to access admin-only endpoint /api/appointments/{id}/cancel,AUTHORIZATION_ERROR
SocketTimeoutException while sending reminder email to admin@system.local,NETWORK_ERROR
User 203 does not have permission to access /api/appointments,AUTHORIZATION_ERROR
Deprecated API version used by client for endpoint /api/appointments/{id}/cancel,WARNING
User 555 attempted to access admin-only endpoint /api/auth/register,AUTHORIZATION_ERROR
Table 'appointmentdb.working_schedule' doesn't exist,DATABASE_ERROR
Connection reset by peer while streaming websocket data for user 9002,NETWORK_ERROR
User 77410 attempted to book an already-cancelled appointment,WARNING
Deprecated API version used by client for endpoint /api/services/{id}/available-slots,WARNING
com.mysql.cj.jdbc.exceptions.CommunicationsException: Communications link failure,DATABASE_ERROR
User 4471 does not have permission to access /api/auth/login,AUTHORIZATION_ERROR
Completely unrelated unknown event (ref 31),UNKNOWN
Slow response detected for /api/services: 4200 ms,PERFORMANCE_WARNING
"Working schedule overlaps detected for staff member 77410, auto-resolved",WARNING
Validation failed: password must be at least 8 characters,VALIDATION_ERROR
JWT token missing on protected endpoint /api/services/{id}/available-slots,AUTHENTICATION_ERROR
IllegalStateException: working schedule not initialized for staff 12345,APPLICATION_ERROR
xkcd-node-77410 heartbeat received on unmapped channel,UNKNOWN
"Working schedule overlaps detected for staff member 60021, auto-resolved",WARNING
"Working schedule overlaps detected for staff member 203, auto-resolved",WARNING
Invalid request body for endpoint /api/services/{id}/available-slots: missing required field 'serviceId',VALIDATION_ERROR
"Connection pool exhausted, unable to obtain JDBC connection for appointmentdb",DATABASE_ERROR
Connection reset by peer while streaming websocket data for user 12345,NETWORK_ERROR
User 4471 attempted to access admin-only endpoint /api/appointments,AUTHORIZATION_ERROR
Connection refused while connecting to MySQL at mysql:3306,DATABASE_ERROR
StackOverflowError encountered while processing recursive schedule computation for staff 9002,SYSTEM_ERROR
Exception in method: cancelAppointment | Message: Appointment 4471 not found,APPLICATION_ERROR
User 77410 registered a new account,INFO
IllegalStateException: working schedule not initialized for staff 12345,APPLICATION_ERROR
Method getAllAppointments took 310 ms to complete,PERFORMANCE_WARNING
SocketTimeoutException while sending reminder email to admin@system.local,NETWORK_ERROR
Appointment 555 cancelled by user 8891,INFO
Validation failed: password must be at least 8 characters,VALIDATION_ERROR
Malformed Authorization header on request to /api/appointments,AUTHENTICATION_ERROR
AuthenticationException: Bad credentials for user admin@system.local,AUTHENTICATION_ERROR
Data truncation: Data too long for column 'notes' at row 1,DATABASE_ERROR
"JVM garbage collector could not reclaim memory, heap dump 8891 written",SYSTEM_ERROR
Unable to reach downstream service from 10.0.0.5,NETWORK_ERROR
User 9002 attempted to access admin-only endpoint /api/appointments/{id}/status,AUTHORIZATION_ERROR
Appointment 31 cancelled by user 60021,INFO
Appointment 9002 cancelled by user 12345,INFO
"Working schedule overlaps detected for staff member 9002, auto-resolved",WARNING
User 203 does not have permission to access /api/auth/login,AUTHORIZATION_ERROR
"Cache miss for service svc-330 listing, falling back to database",WARNING
AuthenticationException: Bad credentials for user customer1@mail.com,AUTHENTICATION_ERROR
Invalid request body for endpoint /api/appointments: missing required field 'serviceId',VALIDATION_ERROR
Retrying email delivery to customer1@mail.com after transient failure,WARNING
Malformed Authorization header on request to /api/admin/schedules,AUTHENTICATION_ERROR
Failed to connect to PostgreSQL database,DATABASE_ERROR
GC pause of 200 ms detected on spring-app container,PERFORMANCE_WARNING
Proxy error: unable to forward request from Apache to spring-app:8443,NETWORK_ERROR
"Cache miss for service svc-9 listing, falling back to database",WARNING
Invalid request body for endpoint /api/admin/schedules: missing required field 'serviceId',VALIDATION_ERROR
Exception in method: cancelAppointment | Message: Appointment 4471 not found,APPLICATION_ERROR
Connection reset by peer while streaming websocket data for user 203,NETWORK_ERROR
Repeated 401 Unauthorized responses from IP 10.0.0.5 within short window,SECURITY_ALERT
MethodArgumentNotValidException: appointment date must be in the future,VALIDATION_ERROR
StackOverflowError encountered while processing recursive schedule computation for staff 12345,SYSTEM_ERROR
IllegalStateException: working schedule not initialized for staff 555,APPLICATION_ERROR
NullPointerException while processing appointment request for user 31,APPLICATION_ERROR
Repeated 401 Unauthorized responses from IP 10.0.0.5 within short window,SECURITY_ALERT
Slow response detected for /api/appointments/{id}/status: 7300 ms,PERFORMANCE_WARNING
Container spring-app restarted unexpectedly at cycle 203,SYSTEM_ERROR
Failed to serialize response for endpoint /api/services,APPLICATION_ERROR
Validation failed: startTime must not be null,VALIDATION_ERROR
xkcd-node-77410 heartbeat received on unmapped channel,UNKNOWN
Slow query warning: appointment lookup took longer than expected,WARNING
Failed to serialize response for endpoint /api/appointments,APPLICATION_ERROR
MethodArgumentNotValidException: appointment date must be in the future,VALIDATION_ERROR
Deprecated API version used by client for endpoint /api/admin/schedules,WARNING
Suspicious request payload containing script tags blocked for /api/appointments/{id}/cancel,SECURITY_ALERT
User 203 attempted to book an already-cancelled appointment,WARNING
Request from 203.0.113.42 attempted path traversal on static resource path,SECURITY_ALERT
Completely unrelated unknown event (ref 9002),UNKNOWN
Exception in method: register | Message: Unexpected error creating user account,APPLICATION_ERROR
User 203 tried to cancel an appointment belonging to another user,AUTHORIZATION_ERROR
Completely unrelated unknown event (ref 77410),UNKNOWN
SocketTimeoutException while sending reminder email to staff2@clinic.local,NETWORK_ERROR
Slow response detected for /api/appointments/{id}/status: 1500 ms,PERFORMANCE_WARNING
Query timeout while fetching appointments for user 31,DATABASE_ERROR
Query timeout while fetching appointments for user 9002,DATABASE_ERROR
Container spring-app restarted unexpectedly at cycle 203,SYSTEM_ERROR
"Working schedule overlaps detected for staff member 77410, auto-resolved",WARNING
Appointment API request took 1500 ms,PERFORMANCE_WARNING
Uninterpreted binary blob logged at offset 31,UNKNOWN
Unclassified telemetry ping from unknown source 172.17.0.3,UNKNOWN
Malformed Authorization header on request to /api/auth/register,AUTHENTICATION_ERROR
Connection reset by peer while streaming websocket data for user 555,NETWORK_ERROR
Query timeout while fetching appointments for user 77410,DATABASE_ERROR
Completely unrelated unknown event (ref 555),UNKNOWN
Request from 10.0.0.5 attempted path traversal on static resource path,SECURITY_ALERT
Disk space critically low on mysql-db volume (3100 MB free),SYSTEM_ERROR
"Working schedule overlaps detected for staff member 555, auto-resolved",WARNING
User 4471 attempted to access admin-only endpoint /api/auth/register,AUTHORIZATION_ERROR
Appointment API request took 3100 ms,PERFORMANCE_WARNING
IllegalStateException: working schedule not initialized for staff 4471,APPLICATION_ERROR
Multiple failed login attempts detected from the same IP 172.17.0.3,SECURITY_ALERT
Failed to parse JWT claims for request to /api/appointments/{id}/cancel,AUTHENTICATION_ERROR
Uninterpreted binary blob logged at offset 8891,UNKNOWN
Uninterpreted binary blob logged at offset 4471,UNKNOWN
403 Forbidden returned for request to /api/services by user 60021,AUTHORIZATION_ERROR
Request from 203.0.113.42 attempted path traversal on static resource path,SECURITY_ALERT
Proxy error: unable to forward request from Apache to spring-app:8443,NETWORK_ERROR
Container spring-app restarted unexpectedly at cycle 77410,SYSTEM_ERROR
Connection reset by peer while streaming websocket data for user 12345,NETWORK_ERROR
MethodArgumentNotValidException: appointment date must be in the future,VALIDATION_ERROR
Slow response detected for /api/auth/login: 7300 ms,PERFORMANCE_WARNING
Unusual number of admin actions performed by user 9002 in a short period,SECURITY_ALERT
Uninterpreted binary blob logged at offset 203,UNKNOWN
Failed to parse JWT claims for request to /api/appointments/{id}/status,AUTHENTICATION_ERROR
SocketTimeoutException while sending reminder email to customer1@mail.com,NETWORK_ERROR
StackOverflowError encountered while processing recursive schedule computation for staff 8891,SYSTEM_ERROR
Uninterpreted binary blob logged at offset 60021,UNKNOWN
NullPointerException while processing appointment request for user 9002,APPLICATION_ERROR
Possible brute force attack detected against /api/auth/login from 198.51.100.7,SECURITY_ALERT
Malformed Authorization header on request to /api/appointments/{id}/status,AUTHENTICATION_ERROR
User 31 does not have permission to access /api/appointments/{id}/cancel,AUTHORIZATION_ERROR
JWT token missing on protected endpoint /api/appointments/{id}/cancel,AUTHENTICATION_ERROR
SQL injection pattern detected in request parameter for /api/auth/register,SECURITY_ALERT
Connection reset by peer while streaming websocket data for user 8891,NETWORK_ERROR
Uninterpreted binary blob logged at offset 4471,UNKNOWN
"Working schedule overlaps detected for staff member 4471, auto-resolved",WARNING
OutOfMemoryError: Java heap space in appointment-service container (attempt 60021),SYSTEM_ERROR
Connection reset by peer while streaming websocket data for user 555,NETWORK_ERROR
Invalid request body for endpoint /api/auth/login: missing required field 'serviceId',VALIDATION_ERROR
Account for user 60021 locked after repeated failed authentication attempts,SECURITY_ALERT
Invalid JWT token,AUTHENTICATION_ERROR
Account for user 9002 locked after repeated failed authentication attempts,SECURITY_ALERT
Failed to serialize response for endpoint /api/auth/register,APPLICATION_ERROR
Slow response detected for /api/appointments/{id}/cancel: 310 ms,PERFORMANCE_WARNING
NullPointerException while processing appointment request for user 9002,APPLICATION_ERROR
Query timeout while fetching appointments for user 77410,DATABASE_ERROR
Connection reset by peer while streaming websocket data for user 555,NETWORK_ERROR
Invalid request body for endpoint /api/admin/schedules: missing required field 'serviceId',VALIDATION_ERROR
"Method Completed: createAppointment | Result: Appointment{id=12345, status=PENDING}",INFO
Query timeout while fetching appointments for user 203,DATABASE_ERROR
Account for user 77410 locked after repeated failed authentication attempts,SECURITY_ALERT
"Connection pool exhausted, unable to obtain JDBC connection for appointmentdb",DATABASE_ERROR
Table 'appointmentdb.working_schedule' doesn't exist,DATABASE_ERROR
MethodArgumentNotValidException: appointment date must be in the future,VALIDATION_ERROR
Account for user 31 locked after repeated failed authentication attempts,SECURITY_ALERT
User 555 attempted to access admin-only endpoint /api/appointments/{id}/status,AUTHORIZATION_ERROR
NullPointerException while processing appointment request for user 203,APPLICATION_ERROR
Read timed out on connection to mysql:3306,NETWORK_ERROR
AccessDeniedException: role CUSTOMER cannot perform this action on /api/services,AUTHORIZATION_ERROR
Application failed to start: port 8443 already in use (pid 203),SYSTEM_ERROR
"Fatal error: unable to load SSL keystore, service unavailable (code 8891)",SYSTEM_ERROR
Application failed to start: port 8443 already in use (pid 203),SYSTEM_ERROR
User 12345 tried to cancel an appointment belonging to another user,AUTHORIZATION_ERROR
"Fatal error: unable to load SSL keystore, service unavailable (code 12345)",SYSTEM_ERROR
Invalid request body for endpoint /api/auth/login: missing required field 'serviceId',VALIDATION_ERROR
Account for user 9002 locked after repeated failed authentication attempts,SECURITY_ALERT
Connection reset by peer while streaming websocket data for user 9002,NETWORK_ERROR
"JVM garbage collector could not reclaim memory, heap dump 8891 written",SYSTEM_ERROR
Unable to reach downstream service from 10.0.0.5,NETWORK_ERROR
Container spring-app restarted unexpectedly at cycle 4471,SYSTEM_ERROR
Method getAllAppointments took 1500 ms to complete,PERFORMANCE_WARNING
Appointment 31 cancelled by user 77410,INFO
Suspicious request payload containing script tags blocked for /api/appointments/{id}/cancel,SECURITY_ALERT
Multiple failed login attempts detected from the same IP 198.51.100.7,SECURITY_ALERT
Retrying email delivery to admin@system.local after transient failure,WARNING
Account for user 9002 locked after repeated failed authentication attempts,SECURITY_ALERT
NullPointerException while processing appointment request for user 9002,APPLICATION_ERROR
"Fatal error: unable to load SSL keystore, service unavailable (code 77410)",SYSTEM_ERROR
Legacy subsystem emitted an unrecognized diagnostic code 9002,UNKNOWN
OutOfMemoryError: Java heap space in appointment-service container (attempt 12345),SYSTEM_ERROR
Connection timed out while calling SMTP server smtp.gmail.com:587,NETWORK_ERROR
Container spring-app restarted unexpectedly at cycle 4471,SYSTEM_ERROR
"Fatal error: unable to load SSL keystore, service unavailable (code 12345)",SYSTEM_ERROR
Slow response detected for /api/auth/login: 120 ms,PERFORMANCE_WARNING
Proxy error: unable to forward request from Apache to spring-app:8443,NETWORK_ERROR
Unable to reach downstream service from 10.0.0.5,NETWORK_ERROR
Query timeout while fetching appointments for user 60021,DATABASE_ERROR
Failed to serialize response for endpoint /api/admin/schedules,APPLICATION_ERROR
"Docker health check failed for spring-app container, retry 77410",SYSTEM_ERROR
JWT token missing on protected endpoint /api/auth/login,AUTHENTICATION_ERROR
GC pause of 1500 ms detected on spring-app container,PERFORMANCE_WARNING
User 77410 does not have permission to access /api/services/{id}/available-slots,AUTHORIZATION_ERROR
NullPointerException while processing appointment request for user 31,APPLICATION_ERROR
Unclassified telemetry ping from unknown source 203.0.113.42,UNKNOWN
Request from 198.51.100.7 attempted path traversal on static resource path,SECURITY_ALERT
Query timeout while fetching appointments for user 8891,DATABASE_ERROR
Slow response detected for /api/appointments/{id}/cancel: 4200 ms,PERFORMANCE_WARNING
Slow response detected for /api/admin/schedules: 4200 ms,PERFORMANCE_WARNING
Disk space critically low on mysql-db volume (7300 MB free),SYSTEM_ERROR
Appointment created successfully for user 77410 with service svc-101,INFO
Account for user 4471 locked after repeated failed authentication attempts,SECURITY_ALERT
Query timeout while fetching appointments for user 77410,DATABASE_ERROR
Multiple failed login attempts detected from the same IP 172.17.0.3,SECURITY_ALERT
Retrying email delivery to user@example.com after transient failure,WARNING
com.mysql.cj.jdbc.exceptions.CommunicationsException: Communications link failure,DATABASE_ERROR
"Connection pool exhausted, unable to obtain JDBC connection for appointmentdb",DATABASE_ERROR
Uninterpreted binary blob logged at offset 77410,UNKNOWN
Invalid request body for endpoint /api/appointments/{id}/cancel: missing required field 'serviceId',VALIDATION_ERROR
User 60021 does not have permission to access /api/services,AUTHORIZATION_ERROR
Placeholder log entry 77410 pending removal,UNKNOWN
No handler registered for event type 60021,UNKNOWN
User 4471 attempted to book an already-cancelled appointment,WARNING
Reminder email sent to staff2@clinic.local for upcoming appointment,INFO
Request from 172.17.0.3 attempted path traversal on static resource path,SECURITY_ALERT
Available slots fetched for service svc-77 on requested date,INFO
Exception in method: createAppointment | Message: Requested slot is no longer available,APPLICATION_ERROR
Connection reset by peer while streaming websocket data for user 31,NETWORK_ERROR
Invalid request body for endpoint /api/appointments: missing required field 'serviceId',VALIDATION_ERROR
Disk space critically low on mysql-db volume (2200 MB free),SYSTEM_ERROR
User 60021 successfully logged in,INFO
AuthenticationException: Bad credentials for user customer1@mail.com,AUTHENTICATION_ERROR
Completely unrelated unknown event (ref 31),UNKNOWN
SocketTimeoutException while sending reminder email to customer1@mail.com,NETWORK_ERROR
Deprecated API version used by client for endpoint /api/appointments/{id}/cancel,WARNING
Method getAllAppointments took 120 ms to complete,PERFORMANCE_WARNING
Reminder email sent to admin@system.local for upcoming appointment,INFO
"JVM garbage collector could not reclaim memory, heap dump 12345 written",SYSTEM_ERROR
User 77410 attempted to book an already-cancelled appointment,WARNING
GC pause of 5000 ms detected on spring-app container,PERFORMANCE_WARNING
Failed to serialize response for endpoint /api/appointments/{id}/status,APPLICATION_ERROR
Validation failed: username already exists,VALIDATION_ERROR
IllegalStateException: working schedule not initialized for staff 203,APPLICATION_ERROR
Appointment created successfully for user 9002 with service svc-9,INFO
Slow response detected for /api/appointments/{id}/cancel: 200 ms,PERFORMANCE_WARNING
Failed to parse JWT claims for request to /api/services,AUTHENTICATION_ERROR
Query timeout while fetching appointments for user 8891,DATABASE_ERROR
Exception in method: register | Message: Unexpected error creating user account,APPLICATION_ERROR
Invalid JWT token,AUTHENTICATION_ERROR
Unusual number of admin actions performed by user 4471 in a short period,SECURITY_ALERT
Query timeout while fetching appointments for user 8891,DATABASE_ERROR
Appointment created successfully for user 31 with service svc-101,INFO
Configuration property spring.jpa.show-sql is enabled in a non-dev profile,WARNING
Invalid request body for endpoint /api/services/{id}/available-slots: missing required field 'serviceId',VALIDATION_ERROR
Placeholder log entry 12345 pending removal,UNKNOWN
No handler registered for event type 9002,UNKNOWN
"Working schedule overlaps detected for staff member 31, auto-resolved",WARNING
Slow response detected for /api/appointments/{id}/cancel: 3100 ms,PERFORMANCE_WARNING
Unclassified telemetry ping from unknown source 203.0.113.42,UNKNOWN
"JVM garbage collector could not reclaim memory, heap dump 9002 written",SYSTEM_ERROR
Query timeout while fetching appointments for user 4471,DATABASE_ERROR
Connection reset by peer while streaming websocket data for user 555,NETWORK_ERROR
User 555 does not have permission to access /api/appointments,AUTHORIZATION_ERROR
Expired JWT token for user 77410,AUTHENTICATION_ERROR
MethodArgumentNotValidException: appointment date must be in the future,VALIDATION_ERROR
Login failed for user staff2@clinic.local: invalid credentials,AUTHENTICATION_ERROR
Appointment 60021 cancelled by user 12345,INFO
Uninterpreted binary blob logged at offset 60021,UNKNOWN
Malformed Authorization header on request to /api/services,AUTHENTICATION_ERROR
Placeholder log entry 555 pending removal,UNKNOWN
User 60021 logged out,INFO
Validation failed: password must be at least 8 characters,VALIDATION_ERROR
User 8891 does not have permission to access /api/services,AUTHORIZATION_ERROR
Repeated 401 Unauthorized responses from IP 203.0.113.42 within short window,SECURITY_ALERT
User 60021 attempted to access admin-only endpoint /api/appointments/{id}/status,AUTHORIZATION_ERROR
AuthenticationException: Bad credentials for user user@example.com,AUTHENTICATION_ERROR
Unclassified telemetry ping from unknown source 192.168.1.10,UNKNOWN
User 77410 attempted to access admin-only endpoint /api/services,AUTHORIZATION_ERROR
Failed to acquire JDBC Connection: HikariPool-1 connection is not available,DATABASE_ERROR
Malformed Authorization header on request to /api/admin/schedules,AUTHENTICATION_ERROR
User 555 attempted to access admin-only endpoint /api/auth/register,AUTHORIZATION_ERROR
Invalid request body for endpoint /api/services/{id}/available-slots: missing required field 'serviceId',VALIDATION_ERROR
SQL injection pattern detected in request parameter for /api/services/{id}/available-slots,SECURITY_ALERT
"JVM garbage collector could not reclaim memory, heap dump 12345 written",SYSTEM_ERROR
Slow response detected for /api/appointments/{id}/status: 200 ms,PERFORMANCE_WARNING
Malformed Authorization header on request to /api/services,AUTHENTICATION_ERROR
User 77410 attempted to book an already-cancelled appointment,WARNING
User 12345 registered a new account,INFO
"JVM garbage collector could not reclaim memory, heap dump 8891 written",SYSTEM_ERROR
SocketTimeoutException while sending reminder email to admin@system.local,NETWORK_ERROR
Failed to acquire JDBC Connection: HikariPool-1 connection is not available,DATABASE_ERROR
403 Forbidden returned for request to /api/admin/schedules by user 60021,AUTHORIZATION_ERROR
NullPointerException while processing appointment request for user 31,APPLICATION_ERROR
Database query for available slots took 6100 ms,PERFORMANCE_WARNING
403 Forbidden returned for request to /api/auth/login by user 60021,AUTHORIZATION_ERROR
Exception in method: cancelAppointment | Message: Appointment 203 not found,APPLICATION_ERROR
No handler registered for event type 555,UNKNOWN
User 77410 attempted to book an already-cancelled appointment,WARNING
Appointment 60021 requested for a slot close to closing time,WARNING
Failed to parse JWT claims for request to /api/services,AUTHENTICATION_ERROR
Database query for available slots took 5000 ms,PERFORMANCE_WARNING
User 77410 attempted to access admin-only endpoint /api/admin/schedules,AUTHORIZATION_ERROR
Invalid request body for endpoint /api/services: missing required field 'serviceId',VALIDATION_ERROR
User 8891 attempted to access admin-only endpoint /api/services,AUTHORIZATION_ERROR
com.mysql.cj.jdbc.exceptions.CommunicationsException: Communications link failure,DATABASE_ERROR
Exception in method: cancelAppointment | Message: Appointment 555 not found,APPLICATION_ERROR
Repeated 401 Unauthorized responses from IP 198.51.100.7 within short window,SECURITY_ALERT
Slow response detected for /api/services/{id}/available-slots: 200 ms,PERFORMANCE_WARNING
403 Forbidden returned for request to /api/services/{id}/available-slots by user 77410,AUTHORIZATION_ERROR
Unusual number of admin actions performed by user 77410 in a short period,SECURITY_ALERT
Validation failed: startTime must not be null,VALIDATION_ERROR
Failed to parse JWT claims for request to /api/appointments/{id}/status,AUTHENTICATION_ERROR
Request from 172.17.0.3 attempted path traversal on static resource path,SECURITY_ALERT
Exception in method: cancelAppointment | Message: Appointment 4471 not found,APPLICATION_ERROR
Appointment 9002 cancelled by user 77410,INFO
Query timeout while fetching appointments for user 77410,DATABASE_ERROR
Failed to connect to PostgreSQL database,DATABASE_ERROR
Appointment 4471 cancelled by user 8891,INFO
SocketTimeoutException while sending reminder email to customer1@mail.com,NETWORK_ERROR
Disk space critically low on mysql-db volume (4200 MB free),SYSTEM_ERROR
SQL injection pattern detected in request parameter for /api/services/{id}/available-slots,SECURITY_ALERT
User 555 attempted to access admin-only endpoint /api/services/{id}/available-slots,AUTHORIZATION_ERROR
com.mysql.cj.jdbc.exceptions.CommunicationsException: Communications link failure,DATABASE_ERROR
Miscellaneous debug marker 31 left in codebase,UNKNOWN
SQL injection pattern detected in request parameter for /api/appointments/{id}/status,SECURITY_ALERT
Unable to reach downstream service from 203.0.113.42,NETWORK_ERROR
Invalid request body for endpoint /api/auth/login: missing required field 'serviceId',VALIDATION_ERROR
Query timeout while fetching appointments for user 60021,DATABASE_ERROR
Appointment 4471 cancelled by user 12345,INFO
Uninterpreted binary blob logged at offset 12345,UNKNOWN
SocketTimeoutException while sending reminder email to customer1@mail.com,NETWORK_ERROR
Account for user 8891 locked after repeated failed authentication attempts,SECURITY_ALERT
"Docker health check failed for spring-app container, retry 31",SYSTEM_ERROR
Invalid request body for endpoint /api/appointments/{id}/status: missing required field 'serviceId',VALIDATION_ERROR
Failed to serialize response for endpoint /api/auth/register,APPLICATION_ERROR
Unclassified telemetry ping from unknown source 10.0.0.5,UNKNOWN
Expired JWT token for user 203,AUTHENTICATION_ERROR
Appointment 12345 cancelled by user 203,INFO
Appointment created successfully for user 8891 with service svc-101,INFO
Data truncation: Data too long for column 'notes' at row 1,DATABASE_ERROR
Appointment API request took 80 ms,PERFORMANCE_WARNING
SQL injection pattern detected in request parameter for /api/appointments/{id}/status,SECURITY_ALERT
OutOfMemoryError: Java heap space in appointment-service container (attempt 12345),SYSTEM_ERROR
Container spring-app restarted unexpectedly at cycle 8891,SYSTEM_ERROR
Failed to parse JWT claims for request to /api/auth/register,AUTHENTICATION_ERROR
Validation failed: email must be a well-formed email address,VALIDATION_ERROR
User 4471 does not have permission to access /api/auth/register,AUTHORIZATION_ERROR
Failed to serialize response for endpoint /api/appointments/{id}/cancel,APPLICATION_ERROR
"Cache miss for service svc-202 listing, falling back to database",WARNING
Unusual number of admin actions performed by user 203 in a short period,SECURITY_ALERT
Failed to serialize response for endpoint /api/services/{id}/available-slots,APPLICATION_ERROR
Failed to parse JWT claims for request to /api/appointments/{id}/cancel,AUTHENTICATION_ERROR
Uninterpreted binary blob logged at offset 9002,UNKNOWN
No handler registered for event type 12345,UNKNOWN
org.hibernate.exception.ConstraintViolationException: could not execute statement,DATABASE_ERROR
Expired JWT token for user 555,AUTHENTICATION_ERROR
Method getAllAppointments took 2200 ms to complete,PERFORMANCE_WARNING
Connection reset by peer while streaming websocket data for user 555,NETWORK_ERROR
Slow response detected for /api/appointments/{id}/cancel: 6100 ms,PERFORMANCE_WARNING
Validation failed: username already exists,VALIDATION_ERROR
Application failed to start: port 8443 already in use (pid 77410),SYSTEM_ERROR
Failed to serialize response for endpoint /api/services,APPLICATION_ERROR
Disk space critically low on mysql-db volume (310 MB free),SYSTEM_ERROR
Disk space critically low on mysql-db volume (6100 MB free),SYSTEM_ERROR
Appointment 77410 cancelled by user 31,INFO
IllegalStateException: working schedule not initialized for staff 8891,APPLICATION_ERROR
Appointment 555 cancelled by user 77410,INFO
Unable to reach downstream service from 203.0.113.42,NETWORK_ERROR
Appointment created successfully for user 77410 with service svc-202,INFO
Failed to parse JWT claims for request to /api/appointments/{id}/cancel,AUTHENTICATION_ERROR
Login failed for user admin@system.local: invalid credentials,AUTHENTICATION_ERROR
Suspicious request payload containing script tags blocked for /api/appointments/{id}/cancel,SECURITY_ALERT
Application failed to start: port 8443 already in use (pid 8891),SYSTEM_ERROR
Invalid request body for endpoint /api/services: missing required field 'serviceId',VALIDATION_ERROR
Query timeout while fetching appointments for user 12345,DATABASE_ERROR
Slow response detected for /api/services/{id}/available-slots: 2200 ms,PERFORMANCE_WARNING
Suspicious request payload containing script tags blocked for /api/services/{id}/available-slots,SECURITY_ALERT
Failed to serialize response for endpoint /api/appointments/{id}/cancel,APPLICATION_ERROR
Repeated 401 Unauthorized responses from IP 203.0.113.42 within short window,SECURITY_ALERT
Failed to parse JWT claims for request to /api/admin/schedules,AUTHENTICATION_ERROR
IllegalStateException: working schedule not initialized for staff 8891,APPLICATION_ERROR
Query timeout while fetching appointments for user 203,DATABASE_ERROR
Invalid request body for endpoint /api/admin/schedules: missing required field 'serviceId',VALIDATION_ERROR
JWT token missing on protected endpoint /api/services,AUTHENTICATION_ERROR
"Fatal error: unable to load SSL keystore, service unavailable (code 203)",SYSTEM_ERROR
Slow response detected for /api/appointments: 120 ms,PERFORMANCE_WARNING
Suspicious request payload containing script tags blocked for /api/appointments/{id}/status,SECURITY_ALERT
Failed to serialize response for endpoint /api/services/{id}/available-slots,APPLICATION_ERROR
Unusual number of admin actions performed by user 31 in a short period,SECURITY_ALERT
Application failed to start: port 8443 already in use (pid 4471),SYSTEM_ERROR
Deadlock found when trying to get lock on table appointments; try restarting transaction,DATABASE_ERROR
User 9002 does not have permission to access /api/admin/schedules,AUTHORIZATION_ERROR
Validation failed: email must be a well-formed email address,VALIDATION_ERROR
Invalid request body for endpoint /api/auth/login: missing required field 'serviceId',VALIDATION_ERROR
User 8891 does not have permission to access /api/appointments/{id}/status,AUTHORIZATION_ERROR
Invalid request body for endpoint /api/services/{id}/available-slots: missing required field 'serviceId',VALIDATION_ERROR
Login failed for user staff2@clinic.local: invalid credentials,AUTHENTICATION_ERROR
JWT token missing on protected endpoint /api/appointments/{id}/cancel,AUTHENTICATION_ERROR
Read timed out on connection to mysql:3306,NETWORK_ERROR
Appointment 77410 cancelled by user 4471,INFO
Thread pool queue depth elevated while processing /api/admin/schedules requests,PERFORMANCE_WARNING
Possible brute force attack detected against /api/auth/login from 203.0.113.42,SECURITY_ALERT
Unable to reach downstream service from 172.17.0.3,NETWORK_ERROR
Slow response detected for /api/admin/schedules: 5000 ms,PERFORMANCE_WARNING
Possible brute force attack detected against /api/auth/login from 172.17.0.3,SECURITY_ALERT
org.hibernate.exception.ConstraintViolationException: could not execute statement,DATABASE_ERROR
Repeated 401 Unauthorized responses from IP 10.0.0.5 within short window,SECURITY_ALERT
Connection reset by peer while streaming websocket data for user 9002,NETWORK_ERROR
Slow response detected for /api/appointments/{id}/cancel: 5000 ms,PERFORMANCE_WARNING
Failed to parse JWT claims for request to /api/services,AUTHENTICATION_ERROR
Slow response detected for /api/appointments/{id}/cancel: 310 ms,PERFORMANCE_WARNING
Invalid request body for endpoint /api/auth/register: missing required field 'serviceId',VALIDATION_ERROR
Expired JWT token for user 555,AUTHENTICATION_ERROR
Query timeout while fetching appointments for user 9002,DATABASE_ERROR
Proxy error: unable to forward request from Apache to spring-app:8443,NETWORK_ERROR
Suspicious request payload containing script tags blocked for /api/appointments,SECURITY_ALERT
Unable to reach downstream service from 198.51.100.7,NETWORK_ERROR
Retrying email delivery to staff2@clinic.local after transient failure,WARNING
Validation failed: email must be a well-formed email address,VALIDATION_ERROR
Uninterpreted binary blob logged at offset 60021,UNKNOWN
Validation failed: password must be at least 8 characters,VALIDATION_ERROR
Invalid request body for endpoint /api/auth/register: missing required field 'serviceId',VALIDATION_ERROR
Appointment 4471 requested for a slot close to closing time,WARNING
Retrying email delivery to admin@system.local after transient failure,WARNING
Query timeout while fetching appointments for user 77410,DATABASE_ERROR
Query timeout while fetching appointments for user 77410,DATABASE_ERROR
xkcd-node-555 heartbeat received on unmapped channel,UNKNOWN
Disk space critically low on mysql-db volume (200 MB free),SYSTEM_ERROR
"Working schedule overlaps detected for staff member 60021, auto-resolved",WARNING
JWT token missing on protected endpoint /api/appointments,AUTHENTICATION_ERROR
NullPointerException while processing appointment request for user 8891,APPLICATION_ERROR
IllegalStateException: working schedule not initialized for staff 203,APPLICATION_ERROR
Connection reset by peer while streaming websocket data for user 203,NETWORK_ERROR
"JVM garbage collector could not reclaim memory, heap dump 77410 written",SYSTEM_ERROR
Uninterpreted binary blob logged at offset 8891,UNKNOWN
Placeholder log entry 12345 pending removal,UNKNOWN
403 Forbidden returned for request to /api/auth/login by user 4471,AUTHORIZATION_ERROR
Disk space critically low on mysql-db volume (3100 MB free),SYSTEM_ERROR
User 12345 attempted to access admin-only endpoint /api/auth/register,AUTHORIZATION_ERROR
Connection reset by peer while streaming websocket data for user 4471,NETWORK_ERROR
Container spring-app restarted unexpectedly at cycle 203,SYSTEM_ERROR
Invalid request body for endpoint /api/auth/register: missing required field 'serviceId',VALIDATION_ERROR
User 9002 successfully logged in,INFO
"Fatal error: unable to load SSL keystore, service unavailable (code 60021)",SYSTEM_ERROR
Validation failed: username already exists,VALIDATION_ERROR
Completely unrelated unknown event (ref 555),UNKNOWN
User 60021 does not have permission to access /api/services,AUTHORIZATION_ERROR
Failed to parse JWT claims for request to /api/services/{id}/available-slots,AUTHENTICATION_ERROR
Completely unrelated unknown event (ref 60021),UNKNOWN
"JVM garbage collector could not reclaim memory, heap dump 4471 written",SYSTEM_ERROR
Appointment 8891 cancelled by user 555,INFO
Connection reset by peer while streaming websocket data for user 555,NETWORK_ERROR
Application failed to start: port 8443 already in use (pid 77410),SYSTEM_ERROR
Container spring-app restarted unexpectedly at cycle 203,SYSTEM_ERROR
Failed to serialize response for endpoint /api/auth/register,APPLICATION_ERROR
Query timeout while fetching appointments for user 4471,DATABASE_ERROR
Validation failed: username already exists,VALIDATION_ERROR
Appointment created successfully for user 77410 with service svc-330,INFO
"Fatal error: unable to load SSL keystore, service unavailable (code 555)",SYSTEM_ERROR
SSL handshake failed while connecting to mail server,NETWORK_ERROR
Slow response detected for /api/appointments/{id}/status: 45 ms,PERFORMANCE_WARNING
No handler registered for event type 4471,UNKNOWN
Deprecated API version used by client for endpoint /api/services/{id}/available-slots,WARNING
Container spring-app restarted unexpectedly at cycle 9002,SYSTEM_ERROR
"Connection pool exhausted, unable to obtain JDBC connection for appointmentdb",DATABASE_ERROR
User 9002 attempted to book an already-cancelled appointment,WARNING
Connection reset by peer while streaming websocket data for user 8891,NETWORK_ERROR
Unusual number of admin actions performed by user 555 in a short period,SECURITY_ALERT
Appointment 12345 requested for a slot close to closing time,WARNING
NullPointerException while processing appointment request for user 77410,APPLICATION_ERROR
Retrying email delivery to staff2@clinic.local after transient failure,WARNING
JWT signature does not match locally computed signature,AUTHENTICATION_ERROR
Expired JWT token for user 31,AUTHENTICATION_ERROR
User 203 attempted to access admin-only endpoint /api/services/{id}/available-slots,AUTHORIZATION_ERROR
MethodArgumentNotValidException: appointment date must be in the future,VALIDATION_ERROR
User 60021 does not have permission to access /api/auth/register,AUTHORIZATION_ERROR
Exception in method: cancelAppointment | Message: Appointment 77410 not found,APPLICATION_ERROR
Failed to acquire JDBC Connection: HikariPool-1 connection is not available,DATABASE_ERROR
User 555 attempted to access admin-only endpoint /api/services,AUTHORIZATION_ERROR
User 4471 attempted to book an already-cancelled appointment,WARNING
Retrying email delivery to customer1@mail.com after transient failure,WARNING
Slow response detected for /api/appointments/{id}/status: 5000 ms,PERFORMANCE_WARNING
Suspicious request payload containing script tags blocked for /api/auth/login,SECURITY_ALERT
IllegalStateException: working schedule not initialized for staff 60021,APPLICATION_ERROR
"Fatal error: unable to load SSL keystore, service unavailable (code 4471)",SYSTEM_ERROR
Expired JWT token for user 60021,AUTHENTICATION_ERROR
Exception in method: cancelAppointment | Message: Appointment 555 not found,APPLICATION_ERROR
Slow response detected for /api/services: 3100 ms,PERFORMANCE_WARNING
Exception in method: cancelAppointment | Message: Appointment 203 not found,APPLICATION_ERROR
Appointment created successfully for user 60021 with service svc-77,INFO
User 4471 does not have permission to access /api/appointments/{id}/status,AUTHORIZATION_ERROR
Invalid request body for endpoint /api/auth/register: missing required field 'serviceId',VALIDATION_ERROR
Suspicious request payload containing script tags blocked for /api/appointments/{id}/status,SECURITY_ALERT
Account for user 8891 locked after repeated failed authentication attempts,SECURITY_ALERT
Appointment API request took 45 ms,PERFORMANCE_WARNING
Read timed out on connection to mysql:3306,NETWORK_ERROR
SSL handshake failed while connecting to mail server,NETWORK_ERROR
Unusual number of admin actions performed by user 9002 in a short period,SECURITY_ALERT
User 60021 attempted to access admin-only endpoint /api/services,AUTHORIZATION_ERROR
Completely unrelated unknown event (ref 4471),UNKNOWN
Failed to serialize response for endpoint /api/services/{id}/available-slots,APPLICATION_ERROR
Exception in method: cancelAppointment | Message: Appointment 203 not found,APPLICATION_ERROR
"Docker health check failed for spring-app container, retry 12345",SYSTEM_ERROR
StackOverflowError encountered while processing recursive schedule computation for staff 555,SYSTEM_ERROR
Slow response detected for /api/auth/register: 1500 ms,PERFORMANCE_WARNING
Database query for available slots took 4200 ms,PERFORMANCE_WARNING
Completely unrelated unknown event (ref 203),UNKNOWN
Connection reset by peer while streaming websocket data for user 77410,NETWORK_ERROR
User 4471 logged out,INFO
Query timeout while fetching appointments for user 4471,DATABASE_ERROR
Slow response detected for /api/services: 200 ms,PERFORMANCE_WARNING
Failed to parse JWT claims for request to /api/appointments/{id}/cancel,AUTHENTICATION_ERROR
Application failed to start: port 8443 already in use (pid 555),SYSTEM_ERROR
NullPointerException while processing appointment request for user 9002,APPLICATION_ERROR
User 12345 attempted to book an already-cancelled appointment,WARNING
Slow response detected for /api/services/{id}/available-slots: 7300 ms,PERFORMANCE_WARNING
Method getAllAppointments took 6100 ms to complete,PERFORMANCE_WARNING
Completely unrelated unknown event (ref 8891),UNKNOWN
Invalid request body for endpoint /api/appointments: missing required field 'serviceId',VALIDATION_ERROR
Appointment 9002 status updated to ACCEPTED,INFO
Slow response detected for /api/auth/login: 3100 ms,PERFORMANCE_WARNING
SocketTimeoutException while sending reminder email to admin@system.local,NETWORK_ERROR
org.hibernate.exception.ConstraintViolationException: could not execute statement,DATABASE_ERROR
User 555 does not have permission to access /api/auth/login,AUTHORIZATION_ERROR
Query timeout while fetching appointments for user 12345,DATABASE_ERROR
Appointment 8891 cancelled by user 31,INFO
Deprecated API version used by client for endpoint /api/auth/login,WARNING
Expired JWT token for user 4471,AUTHENTICATION_ERROR
User 4471 successfully logged in,INFO
StackOverflowError encountered while processing recursive schedule computation for staff 555,SYSTEM_ERROR
Possible brute force attack detected against /api/auth/login from 203.0.113.42,SECURITY_ALERT
com.mysql.cj.jdbc.exceptions.CommunicationsException: Communications link failure,DATABASE_ERROR
Application failed to start: port 8443 already in use (pid 60021),SYSTEM_ERROR
JWT token missing on protected endpoint /api/appointments/{id}/cancel,AUTHENTICATION_ERROR
"Docker health check failed for spring-app container, retry 60021",SYSTEM_ERROR
Request from 10.0.0.5 attempted path traversal on static resource path,SECURITY_ALERT
Unusual number of admin actions performed by user 203 in a short period,SECURITY_ALERT
Login failed for user admin@system.local: invalid credentials,AUTHENTICATION_ERROR
Appointment created successfully for user 203 with service svc-101,INFO
Completely unrelated unknown event (ref 12345),UNKNOWN
Connection refused while connecting to MySQL at mysql:3306,DATABASE_ERROR
Unable to reach downstream service from 192.168.1.10,NETWORK_ERROR
User 31 attempted to book an already-cancelled appointment,WARNING
Multiple failed login attempts detected from the same IP 192.168.1.10,SECURITY_ALERT
Uninterpreted binary blob logged at offset 203,UNKNOWN
Retrying email delivery to admin@system.local after transient failure,WARNING
Failed to parse JWT claims for request to /api/appointments,AUTHENTICATION_ERROR
Query timeout while fetching appointments for user 77410,DATABASE_ERROR
Completely unrelated unknown event (ref 8891),UNKNOWN
AuthenticationException: Bad credentials for user staff2@clinic.local,AUTHENTICATION_ERROR
Appointment 12345 requested for a slot close to closing time,WARNING
SSL handshake failed while connecting to mail server,NETWORK_ERROR
Reminder email sent to customer1@mail.com for upcoming appointment,INFO
"Working schedule overlaps detected for staff member 203, auto-resolved",WARNING
Malformed Authorization header on request to /api/auth/login,AUTHENTICATION_ERROR
Invalid request body for endpoint /api/services: missing required field 'serviceId',VALIDATION_ERROR
Read timed out on connection to mysql:3306,NETWORK_ERROR
SocketTimeoutException while sending reminder email to staff2@clinic.local,NETWORK_ERROR
Query timeout while fetching appointments for user 60021,DATABASE_ERROR
Connection reset by peer while streaming websocket data for user 203,NETWORK_ERROR
Slow response detected for /api/admin/schedules: 45 ms,PERFORMANCE_WARNING
Appointment 8891 cancelled by user 12345,INFO
No handler registered for event type 60021,UNKNOWN
Appointment 60021 status updated to ACCEPTED,INFO
Deprecated API version used by client for endpoint /api/auth/register,WARNING
JWT token missing on protected endpoint /api/auth/login,AUTHENTICATION_ERROR
"Working schedule overlaps detected for staff member 77410, auto-resolved",WARNING
User 31 attempted to access admin-only endpoint /api/services/{id}/available-slots,AUTHORIZATION_ERROR
User 203 attempted to book an already-cancelled appointment,WARNING
"Docker health check failed for spring-app container, retry 60021",SYSTEM_ERROR
OutOfMemoryError: Java heap space in appointment-service container (attempt 203),SYSTEM_ERROR
Connection refused while connecting to MySQL at mysql:3306,DATABASE_ERROR
Malformed Authorization header on request to /api/appointments,AUTHENTICATION_ERROR
xkcd-node-8891 heartbeat received on unmapped channel,UNKNOWN
xkcd-node-203 heartbeat received on unmapped channel,UNKNOWN
Method getAllAppointments took 7300 ms to complete,PERFORMANCE_WARNING
Exception in method: createAppointment | Message: Requested slot is no longer available,APPLICATION_ERROR
Slow response detected for /api/appointments/{id}/status: 45 ms,PERFORMANCE_WARNING
SocketTimeoutException while sending reminder email to staff2@clinic.local,NETWORK_ERROR
User 60021 does not have permission to access /api/appointments/{id}/status,AUTHORIZATION_ERROR
Unusual number of admin actions performed by user 31 in a short period,SECURITY_ALERT
Malformed Authorization header on request to /api/auth/register,AUTHENTICATION_ERROR
Disk space critically low on mysql-db volume (45 MB free),SYSTEM_ERROR
"Docker health check failed for spring-app container, retry 31",SYSTEM_ERROR
JWT token missing on protected endpoint /api/appointments/{id}/status,AUTHENTICATION_ERROR
Malformed Authorization header on request to /api/appointments/{id}/status,AUTHENTICATION_ERROR
Application failed to start: port 8443 already in use (pid 8891),SYSTEM_ERROR
Completely unrelated unknown event (ref 9002),UNKNOWN
Connection refused while connecting to MySQL at mysql:3306,DATABASE_ERROR
Unusual number of admin actions performed by user 555 in a short period,SECURITY_ALERT
Possible brute force attack detected against /api/auth/login from 198.51.100.7,SECURITY_ALERT
User 555 does not have permission to access /api/services,AUTHORIZATION_ERROR
Appointment 203 cancelled by user 12345,INFO
Exception in method: cancelAppointment | Message: Appointment 77410 not found,APPLICATION_ERROR
Expired JWT token for user 203,AUTHENTICATION_ERROR
AuthenticationException: Bad credentials for user staff2@clinic.local,AUTHENTICATION_ERROR
Available slots fetched for service svc-330 on requested date,INFO
Connection reset by peer while streaming websocket data for user 555,NETWORK_ERROR
User 9002 does not have permission to access /api/services/{id}/available-slots,AUTHORIZATION_ERROR
Malformed Authorization header on request to /api/auth/login,AUTHENTICATION_ERROR
Slow response detected for /api/appointments: 120 ms,PERFORMANCE_WARNING
OutOfMemoryError: Java heap space in appointment-service container (attempt 31),SYSTEM_ERROR
User 9002 attempted to access admin-only endpoint /api/auth/login,AUTHORIZATION_ERROR
Failed to acquire JDBC Connection: HikariPool-1 connection is not available,DATABASE_ERROR
Unable to reach downstream service from 203.0.113.42,NETWORK_ERROR
Malformed Authorization header on request to /api/admin/schedules,AUTHENTICATION_ERROR
Appointment 77410 cancelled by user 77410,INFO
User 9002 does not have permission to access /api/auth/login,AUTHORIZATION_ERROR
Invalid request body for endpoint /api/appointments: missing required field 'serviceId',VALIDATION_ERROR
Exception in method: cancelAppointment | Message: Appointment 9002 not found,APPLICATION_ERROR
Exception in method: cancelAppointment | Message: Appointment 8891 not found,APPLICATION_ERROR
Invalid request body for endpoint /api/admin/schedules: missing required field 'serviceId',VALIDATION_ERROR
Completely unrelated unknown event (ref 203),UNKNOWN
User 9002 attempted to access admin-only endpoint /api/auth/register,AUTHORIZATION_ERROR
Query timeout while fetching appointments for user 12345,DATABASE_ERROR
Deadlock found when trying to get lock on table appointments; try restarting transaction,DATABASE_ERROR
Retrying email delivery to customer1@mail.com after transient failure,WARNING
Validation failed: username already exists,VALIDATION_ERROR
SocketTimeoutException while sending reminder email to customer1@mail.com,NETWORK_ERROR
User 31 does not have permission to access /api/auth/login,AUTHORIZATION_ERROR
Slow response detected for /api/services: 5000 ms,PERFORMANCE_WARNING
Appointment 8891 requested for a slot close to closing time,WARNING
Appointment 8891 cancelled by user 4471,INFO
Exception in method: cancelAppointment | Message: Appointment 4471 not found,APPLICATION_ERROR
Connection timed out while calling SMTP server smtp.gmail.com:587,NETWORK_ERROR
Working schedule created for staff member 555,INFO
Appointment created successfully for user 203 with service svc-202,INFO
Placeholder log entry 4471 pending removal,UNKNOWN
Connection reset by peer while streaming websocket data for user 555,NETWORK_ERROR
Validation failed: email must be a well-formed email address,VALIDATION_ERROR
Uninterpreted binary blob logged at offset 77410,UNKNOWN
User 9002 attempted to book an already-cancelled appointment,WARNING
No handler registered for event type 4471,UNKNOWN
"Cache miss for service svc-9 listing, falling back to database",WARNING
WebSocket connection established for user 9002,INFO
User 77410 tried to cancel an appointment belonging to another user,AUTHORIZATION_ERROR
Appointment 12345 cancelled by user 12345,INFO
Slow response detected for /api/appointments: 45 ms,PERFORMANCE_WARNING
No handler registered for event type 31,UNKNOWN
User 31 attempted to access admin-only endpoint /api/auth/register,AUTHORIZATION_ERROR
Invalid request body for endpoint /api/admin/schedules: missing required field 'serviceId',VALIDATION_ERROR
403 Forbidden returned for request to /api/appointments/{id}/cancel by user 60021,AUTHORIZATION_ERROR
NullPointerException while processing appointment request for user 77410,APPLICATION_ERROR
SocketTimeoutException while sending reminder email to user@example.com,NETWORK_ERROR
SocketTimeoutException while sending reminder email to admin@system.local,NETWORK_ERROR
"Method Completed: createAppointment | Result: Appointment{id=9002, status=PENDING}",INFO
Legacy subsystem emitted an unrecognized diagnostic code 12345,UNKNOWN
"Docker health check failed for spring-app container, retry 8891",SYSTEM_ERROR
"Working schedule overlaps detected for staff member 555, auto-resolved",WARNING
Appointment 8891 cancelled by user 60021,INFO
xkcd-node-8891 heartbeat received on unmapped channel,UNKNOWN
Expired JWT token for user 8891,AUTHENTICATION_ERROR
Request from 198.51.100.7 attempted path traversal on static resource path,SECURITY_ALERT
IllegalStateException: working schedule not initialized for staff 12345,APPLICATION_ERROR
No handler registered for event type 555,UNKNOWN
Slow response detected for /api/auth/login: 2200 ms,PERFORMANCE_WARNING
Unable to reach downstream service from 192.168.1.10,NETWORK_ERROR
Connection reset by peer while streaming websocket data for user 9002,NETWORK_ERROR
Container spring-app restarted unexpectedly at cycle 555,SYSTEM_ERROR
Appointment 8891 cancelled by user 203,INFO
Failed to serialize response for endpoint /api/services,APPLICATION_ERROR
Multiple failed login attempts detected from the same IP 198.51.100.7,SECURITY_ALERT
Application failed to start: port 8443 already in use (pid 203),SYSTEM_ERROR
Failed to acquire JDBC Connection: HikariPool-1 connection is not available,DATABASE_ERROR
Unusual number of admin actions performed by user 555 in a short period,SECURITY_ALERT
User 555 attempted to book an already-cancelled appointment,WARNING
Appointment created successfully for user 60021 with service svc-101,INFO
403 Forbidden returned for request to /api/auth/login by user 12345,AUTHORIZATION_ERROR
Slow response detected for /api/admin/schedules: 5000 ms,PERFORMANCE_WARNING
"Working schedule overlaps detected for staff member 4471, auto-resolved",WARNING
Appointment 9002 requested for a slot close to closing time,WARNING
org.hibernate.exception.ConstraintViolationException: could not execute statement,DATABASE_ERROR
Appointment 555 cancelled by user 12345,INFO
User 77410 attempted to access admin-only endpoint /api/appointments,AUTHORIZATION_ERROR
SocketTimeoutException while sending reminder email to admin@system.local,NETWORK_ERROR
Query timeout while fetching appointments for user 12345,DATABASE_ERROR
Slow response detected for /api/services/{id}/available-slots: 120 ms,PERFORMANCE_WARNING
User 77410 attempted to book an already-cancelled appointment,WARNING
User 8891 tried to cancel an appointment belonging to another user,AUTHORIZATION_ERROR
Rejected request: appointment duration must be positive,VALIDATION_ERROR
Query timeout while fetching appointments for user 31,DATABASE_ERROR
Connection reset by peer while streaming websocket data for user 60021,NETWORK_ERROR
Failed to serialize response for endpoint /api/services,APPLICATION_ERROR
"Fatal error: unable to load SSL keystore, service unavailable (code 555)",SYSTEM_ERROR
Repeated 401 Unauthorized responses from IP 192.168.1.10 within short window,SECURITY_ALERT
Deadlock found when trying to get lock on table appointments; try restarting transaction,DATABASE_ERROR
Database query for available slots took 200 ms,PERFORMANCE_WARNING
Account for user 12345 locked after repeated failed authentication attempts,SECURITY_ALERT
Invalid request body for endpoint /api/auth/login: missing required field 'serviceId',VALIDATION_ERROR
Unusual number of admin actions performed by user 12345 in a short period,SECURITY_ALERT
Disk space critically low on mysql-db volume (310 MB free),SYSTEM_ERROR
"Working schedule overlaps detected for staff member 8891, auto-resolved",WARNING
Invalid request body for endpoint /api/appointments/{id}/status: missing required field 'serviceId',VALIDATION_ERROR
Query timeout while fetching appointments for user 31,DATABASE_ERROR
Miscellaneous debug marker 12345 left in codebase,UNKNOWN
"Working schedule overlaps detected for staff member 12345, auto-resolved",WARNING
Unclassified telemetry ping from unknown source 172.17.0.3,UNKNOWN
Account for user 4471 locked after repeated failed authentication attempts,SECURITY_ALERT
No handler registered for event type 31,UNKNOWN
org.hibernate.exception.ConstraintViolationException: could not execute statement,DATABASE_ERROR
Appointment API request took 7300 ms,PERFORMANCE_WARNING
Login failed for user user@example.com: invalid credentials,AUTHENTICATION_ERROR
No handler registered for event type 4471,UNKNOWN
Failed to serialize response for endpoint /api/admin/schedules,APPLICATION_ERROR
SQL injection pattern detected in request parameter for /api/appointments/{id}/cancel,SECURITY_ALERT
Malformed Authorization header on request to /api/services,AUTHENTICATION_ERROR
Appointment created successfully for user 8891 with service svc-77,INFO
403 Forbidden returned for request to /api/appointments/{id}/cancel by user 9002,AUTHORIZATION_ERROR
User 60021 attempted to access admin-only endpoint /api/auth/register,AUTHORIZATION_ERROR
MethodArgumentNotValidException: appointment date must be in the future,VALIDATION_ERROR
Validation failed: startTime must not be null,VALIDATION_ERROR
Deprecated API version used by client for endpoint /api/auth/login,WARNING
Login failed for user customer1@mail.com: invalid credentials,AUTHENTICATION_ERROR
Connection reset by peer while streaming websocket data for user 31,NETWORK_ERROR
Request from 10.0.0.5 attempted path traversal on static resource path,SECURITY_ALERT
User 4471 successfully logged in,INFO
IllegalStateException: working schedule not initialized for staff 555,APPLICATION_ERROR
User 203 attempted to access admin-only endpoint /api/auth/register,AUTHORIZATION_ERROR
Query timeout while fetching appointments for user 203,DATABASE_ERROR
Slow response detected for /api/auth/login: 45 ms,PERFORMANCE_WARNING
User 8891 successfully logged in,INFO
User 77410 does not have permission to access /api/admin/schedules,AUTHORIZATION_ERROR
Invalid request body for endpoint /api/auth/login: missing required field 'serviceId',VALIDATION_ERROR
Exception in method: cancelAppointment | Message: Appointment 31 not found,APPLICATION_ERROR
User 12345 attempted to book an already-cancelled appointment,WARNING
Invalid request body for endpoint /api/appointments/{id}/status: missing required field 'serviceId',VALIDATION_ERROR
NullPointerException while processing appointment request for user 555,APPLICATION_ERROR
Invalid request body for endpoint /api/appointments: missing required field 'serviceId',VALIDATION_ERROR
OutOfMemoryError: Java heap space in appointment-service container (attempt 555),SYSTEM_ERROR
Appointment API request took 5000 ms,PERFORMANCE_WARNING
Slow response detected for /api/appointments/{id}/cancel: 7300 ms,PERFORMANCE_WARNING
Appointment created successfully for user 60021 with service svc-330,INFO
Appointment 4471 cancelled by user 4471,INFO
Application failed to start: port 8443 already in use (pid 203),SYSTEM_ERROR
Table 'appointmentdb.working_schedule' doesn't exist,DATABASE_ERROR
Miscellaneous debug marker 77410 left in codebase,UNKNOWN
Invalid request body for endpoint /api/appointments/{id}/status: missing required field 'serviceId',VALIDATION_ERROR
SocketTimeoutException while sending reminder email to customer1@mail.com,NETWORK_ERROR
Possible brute force attack detected against /api/auth/login from 10.0.0.5,SECURITY_ALERT
Repeated 401 Unauthorized responses from IP 198.51.100.7 within short window,SECURITY_ALERT
Disk space critically low on mysql-db volume (1500 MB free),SYSTEM_ERROR
Uninterpreted binary blob logged at offset 9002,UNKNOWN
Connection reset by peer while streaming websocket data for user 4471,NETWORK_ERROR
SocketTimeoutException while sending reminder email to admin@system.local,NETWORK_ERROR
Invalid request body for endpoint /api/appointments/{id}/cancel: missing required field 'serviceId',VALIDATION_ERROR
User 12345 attempted to access admin-only endpoint /api/appointments/{id}/cancel,AUTHORIZATION_ERROR
403 Forbidden returned for request to /api/services/{id}/available-slots by user 12345,AUTHORIZATION_ERROR
Slow response detected for /api/appointments/{id}/status: 1500 ms,PERFORMANCE_WARNING
Miscellaneous debug marker 60021 left in codebase,UNKNOWN
Failed to parse JWT claims for request to /api/services,AUTHENTICATION_ERROR
Multiple failed login attempts detected from the same IP 192.168.1.10,SECURITY_ALERT
Legacy subsystem emitted an unrecognized diagnostic code 60021,UNKNOWN
Validation failed: startTime must not be null,VALIDATION_ERROR
Login failed for user staff2@clinic.local: invalid credentials,AUTHENTICATION_ERROR
Validation failed: email must be a well-formed email address,VALIDATION_ERROR
User 555 attempted to access admin-only endpoint /api/appointments/{id}/cancel,AUTHORIZATION_ERROR
Connection reset by peer while streaming websocket data for user 8891,NETWORK_ERROR
Appointment created successfully for user 555 with service svc-77,INFO
NullPointerException while processing appointment request for user 4471,APPLICATION_ERROR
Method getAllAppointments took 6100 ms to complete,PERFORMANCE_WARNING
No handler registered for event type 4471,UNKNOWN
Uninterpreted binary blob logged at offset 77410,UNKNOWN
AuthenticationException: Bad credentials for user staff2@clinic.local,AUTHENTICATION_ERROR
Database query for available slots took 310 ms,PERFORMANCE_WARNING
Disk space critically low on mysql-db volume (4200 MB free),SYSTEM_ERROR
"Docker health check failed for spring-app container, retry 8891",SYSTEM_ERROR
Account for user 31 locked after repeated failed authentication attempts,SECURITY_ALERT
Reminder email sent to staff2@clinic.local for upcoming appointment,INFO
IllegalStateException: working schedule not initialized for staff 555,APPLICATION_ERROR
"Working schedule overlaps detected for staff member 31, auto-resolved",WARNING
Account for user 555 locked after repeated failed authentication attempts,SECURITY_ALERT
Service svc-202 retrieved successfully,INFO
SQL injection pattern detected in request parameter for /api/services/{id}/available-slots,SECURITY_ALERT
Method getAllAppointments took 4200 ms to complete,PERFORMANCE_WARNING
User 4471 attempted to book an already-cancelled appointment,WARNING
Query timeout while fetching appointments for user 9002,DATABASE_ERROR
403 Forbidden returned for request to /api/appointments/{id}/cancel by user 203,AUTHORIZATION_ERROR
Query timeout while fetching appointments for user 8891,DATABASE_ERROR
Request from 198.51.100.7 attempted path traversal on static resource path,SECURITY_ALERT
Deprecated API version used by client for endpoint /api/services,WARNING
Query timeout while fetching appointments for user 31,DATABASE_ERROR
Statistics report generated for admin dashboard,INFO
GC pause of 4200 ms detected on spring-app container,PERFORMANCE_WARNING
Exception in method: cancelAppointment | Message: Appointment 203 not found,APPLICATION_ERROR
Connection reset by peer while streaming websocket data for user 60021,NETWORK_ERROR
User 60021 attempted to access admin-only endpoint /api/appointments,AUTHORIZATION_ERROR
Invalid request body for endpoint /api/appointments/{id}/cancel: missing required field 'serviceId',VALIDATION_ERROR
Service svc-330 retrieved successfully,INFO
User 12345 successfully logged in,INFO
Rejected request: appointment duration must be positive,VALIDATION_ERROR
Appointment API request took 200 ms,PERFORMANCE_WARNING
User 9002 attempted to access admin-only endpoint /api/admin/schedules,AUTHORIZATION_ERROR
Invalid request body for endpoint /api/auth/register: missing required field 'serviceId',VALIDATION_ERROR
SQL injection pattern detected in request parameter for /api/appointments,SECURITY_ALERT
StackOverflowError encountered while processing recursive schedule computation for staff 31,SYSTEM_ERROR
Connection reset by peer while streaming websocket data for user 9002,NETWORK_ERROR
Account for user 12345 locked after repeated failed authentication attempts,SECURITY_ALERT
Suspicious request payload containing script tags blocked for /api/auth/register,SECURITY_ALERT
Appointment 203 requested for a slot close to closing time,WARNING
Unhandled RuntimeException in AppointmentService.getAvailableSlots,APPLICATION_ERROR
Unable to reach downstream service from 198.51.100.7,NETWORK_ERROR
Method getAllAppointments took 45 ms to complete,PERFORMANCE_WARNING
Invalid request body for endpoint /api/auth/login: missing required field 'serviceId',VALIDATION_ERROR
User 4471 does not have permission to access /api/admin/schedules,AUTHORIZATION_ERROR
Exception in method: cancelAppointment | Message: Appointment 60021 not found,APPLICATION_ERROR
403 Forbidden returned for request to /api/services by user 77410,AUTHORIZATION_ERROR
Appointment 555 cancelled by user 60021,INFO
Invalid request body for endpoint /api/services: missing required field 'serviceId',VALIDATION_ERROR
Appointment 12345 cancelled by user 9002,INFO
org.hibernate.exception.ConstraintViolationException: could not execute statement,DATABASE_ERROR
Legacy subsystem emitted an unrecognized diagnostic code 77410,UNKNOWN
Slow response detected for /api/auth/register: 1500 ms,PERFORMANCE_WARNING
Unusual number of admin actions performed by user 203 in a short period,SECURITY_ALERT
Slow response detected for /api/appointments: 5000 ms,PERFORMANCE_WARNING
Uninterpreted binary blob logged at offset 12345,UNKNOWN
Appointment created successfully for user 4471 with service svc-330,INFO
OutOfMemoryError: Java heap space in appointment-service container (attempt 31),SYSTEM_ERROR
Appointment 555 cancelled by user 4471,INFO
Malformed Authorization header on request to /api/auth/login,AUTHENTICATION_ERROR
JWT token missing on protected endpoint /api/auth/login,AUTHENTICATION_ERROR
Connection reset by peer while streaming websocket data for user 8891,NETWORK_ERROR
Query timeout while fetching appointments for user 31,DATABASE_ERROR
Appointment 8891 cancelled by user 60021,INFO
JWT token missing on protected endpoint /api/services/{id}/available-slots,AUTHENTICATION_ERROR
com.mysql.cj.jdbc.exceptions.CommunicationsException: Communications link failure,DATABASE_ERROR
Expired JWT token for user 77410,AUTHENTICATION_ERROR
Appointment created successfully for user 9002 with service svc-9,INFO
User 31 attempted to access admin-only endpoint /api/appointments,AUTHORIZATION_ERROR
403 Forbidden returned for request to /api/appointments/{id}/status by user 4471,AUTHORIZATION_ERROR
Query timeout while fetching appointments for user 9002,DATABASE_ERROR
IllegalStateException: working schedule not initialized for staff 77410,APPLICATION_ERROR
NullPointerException while processing appointment request for user 60021,APPLICATION_ERROR
Legacy subsystem emitted an unrecognized diagnostic code 77410,UNKNOWN
Appointment 555 cancelled by user 203,INFO
JWT token missing on protected endpoint /api/auth/login,AUTHENTICATION_ERROR
GC pause of 310 ms detected on spring-app container,PERFORMANCE_WARNING
Validation failed: email must be a well-formed email address,VALIDATION_ERROR
Failed to parse JWT claims for request to /api/auth/register,AUTHENTICATION_ERROR
Slow response detected for /api/auth/register: 5000 ms,PERFORMANCE_WARNING
Service svc-9 retrieved successfully,INFO
Retrying email delivery to staff2@clinic.local after transient failure,WARNING
Exception in method: cancelAppointment | Message: Appointment 77410 not found,APPLICATION_ERROR
Failed to serialize response for endpoint /api/appointments/{id}/cancel,APPLICATION_ERROR
Validation failed: username already exists,VALIDATION_ERROR
Placeholder log entry 555 pending removal,UNKNOWN
Appointment 4471 requested for a slot close to closing time,WARNING
Failed to connect to PostgreSQL database,DATABASE_ERROR
JWT token missing on protected endpoint /api/services,AUTHENTICATION_ERROR
Malformed Authorization header on request to /api/services/{id}/available-slots,AUTHENTICATION_ERROR
Connection reset by peer while streaming websocket data for user 203,NETWORK_ERROR
Legacy subsystem emitted an unrecognized diagnostic code 60021,UNKNOWN
org.hibernate.exception.ConstraintViolationException: could not execute statement,DATABASE_ERROR
Failed to serialize response for endpoint /api/services,APPLICATION_ERROR
Failed to serialize response for endpoint /api/appointments/{id}/cancel,APPLICATION_ERROR
Appointment 12345 cancelled by user 4471,INFO
Appointment 203 cancelled by user 4471,INFO
User 4471 attempted to book an already-cancelled appointment,WARNING
Exception in method: cancelAppointment | Message: Appointment 555 not found,APPLICATION_ERROR
403 Forbidden returned for request to /api/appointments by user 31,AUTHORIZATION_ERROR
Disk space critically low on mysql-db volume (2200 MB free),SYSTEM_ERROR
NullPointerException while processing appointment request for user 77410,APPLICATION_ERROR
User 203 does not have permission to access /api/admin/schedules,AUTHORIZATION_ERROR
SQL injection pattern detected in request parameter for /api/services,SECURITY_ALERT
Slow response detected for /api/services: 3100 ms,PERFORMANCE_WARNING
Appointment 31 cancelled by user 12345,INFO
Appointment 31 status updated to ACCEPTED,INFO
Placeholder log entry 31 pending removal,UNKNOWN
User 60021 attempted to access admin-only endpoint /api/services/{id}/available-slots,AUTHORIZATION_ERROR
Database query for available slots took 120 ms,PERFORMANCE_WARNING
Expired JWT token for user 203,AUTHENTICATION_ERROR
Deprecated API version used by client for endpoint /api/appointments/{id}/status,WARNING
User 12345 does not have permission to access /api/services/{id}/available-slots,AUTHORIZATION_ERROR
JWT token missing on protected endpoint /api/services,AUTHENTICATION_ERROR
Invalid request body for endpoint /api/appointments/{id}/cancel: missing required field 'serviceId',VALIDATION_ERROR
Legacy subsystem emitted an unrecognized diagnostic code 12345,UNKNOWN
GC pause of 120 ms detected on spring-app container,PERFORMANCE_WARNING
Connection reset by peer while streaming websocket data for user 9002,NETWORK_ERROR
Request from 203.0.113.42 attempted path traversal on static resource path,SECURITY_ALERT
Appointment 203 cancelled by user 8891,INFO
User 9002 attempted to access admin-only endpoint /api/auth/register,AUTHORIZATION_ERROR
Disk space critically low on mysql-db volume (7300 MB free),SYSTEM_ERROR
"Docker health check failed for spring-app container, retry 60021",SYSTEM_ERROR
AuthenticationException: Bad credentials for user admin@system.local,AUTHENTICATION_ERROR
Placeholder log entry 77410 pending removal,UNKNOWN
Unable to reach downstream service from 192.168.1.10,NETWORK_ERROR
Legacy subsystem emitted an unrecognized diagnostic code 31,UNKNOWN
Appointment 4471 cancelled by user 203,INFO
Thread pool queue depth elevated while processing /api/appointments requests,PERFORMANCE_WARNING
Unclassified telemetry ping from unknown source 10.0.0.5,UNKNOWN
Container spring-app restarted unexpectedly at cycle 555,SYSTEM_ERROR
Invalid request body for endpoint /api/auth/register: missing required field 'serviceId',VALIDATION_ERROR
User 8891 registered a new account,INFO
xkcd-node-203 heartbeat received on unmapped channel,UNKNOWN
Invalid request body for endpoint /api/appointments: missing required field 'serviceId',VALIDATION_ERROR
AccessDeniedException: role CUSTOMER cannot perform this action on /api/auth/login,AUTHORIZATION_ERROR
403 Forbidden returned for request to /api/services/{id}/available-slots by user 31,AUTHORIZATION_ERROR
"Fatal error: unable to load SSL keystore, service unavailable (code 60021)",SYSTEM_ERROR
Deadlock found when trying to get lock on table appointments; try restarting transaction,DATABASE_ERROR
Account for user 8891 locked after repeated failed authentication attempts,SECURITY_ALERT
User 31 does not have permission to access /api/appointments/{id}/status,AUTHORIZATION_ERROR
Appointment 31 requested for a slot close to closing time,WARNING
Query timeout while fetching appointments for user 9002,DATABASE_ERROR
JWT token missing on protected endpoint /api/auth/register,AUTHENTICATION_ERROR
Exception in method: cancelAppointment | Message: Appointment 31 not found,APPLICATION_ERROR
Slow response detected for /api/services/{id}/available-slots: 4200 ms,PERFORMANCE_WARNING
Query timeout while fetching appointments for user 9002,DATABASE_ERROR
JWT token missing on protected endpoint /api/appointments/{id}/status,AUTHENTICATION_ERROR
Slow response detected for /api/appointments/{id}/status: 310 ms,PERFORMANCE_WARNING
No handler registered for event type 4471,UNKNOWN
Invalid request body for endpoint /api/auth/register: missing required field 'serviceId',VALIDATION_ERROR
Failed to serialize response for endpoint /api/auth/login,APPLICATION_ERROR
"Working schedule overlaps detected for staff member 203, auto-resolved",WARNING
Application failed to start: port 8443 already in use (pid 203),SYSTEM_ERROR
SQL injection pattern detected in request parameter for /api/services,SECURITY_ALERT
User 12345 does not have permission to access /api/services,AUTHORIZATION_ERROR
"JVM garbage collector could not reclaim memory, heap dump 77410 written",SYSTEM_ERROR
Retrying email delivery to admin@system.local after transient failure,WARNING
IllegalStateException: working schedule not initialized for staff 9002,APPLICATION_ERROR
Query timeout while fetching appointments for user 12345,DATABASE_ERROR
Invalid request body for endpoint /api/appointments: missing required field 'serviceId',VALIDATION_ERROR
Failed to serialize response for endpoint /api/services,APPLICATION_ERROR
Query timeout while fetching appointments for user 12345,DATABASE_ERROR
Invalid request body for endpoint /api/admin/schedules: missing required field 'serviceId',VALIDATION_ERROR
Connection timed out while calling SMTP server smtp.gmail.com:587,NETWORK_ERROR
Query timeout while fetching appointments for user 77410,DATABASE_ERROR
Appointment 31 cancelled by user 31,INFO
Slow response detected for /api/auth/register: 6100 ms,PERFORMANCE_WARNING
"Working schedule overlaps detected for staff member 555, auto-resolved",WARNING
User 31 registered a new account,INFO
Database query for available slots took 5000 ms,PERFORMANCE_WARNING
Legacy subsystem emitted an unrecognized diagnostic code 60021,UNKNOWN
403 Forbidden returned for request to /api/auth/register by user 12345,AUTHORIZATION_ERROR
403 Forbidden returned for request to /api/auth/register by user 203,AUTHORIZATION_ERROR
Failed to parse JWT claims for request to /api/appointments/{id}/cancel,AUTHENTICATION_ERROR
Slow response detected for /api/services/{id}/available-slots: 310 ms,PERFORMANCE_WARNING
Query timeout while fetching appointments for user 60021,DATABASE_ERROR
Invalid request body for endpoint /api/services/{id}/available-slots: missing required field 'serviceId',VALIDATION_ERROR
Application failed to start: port 8443 already in use (pid 60021),SYSTEM_ERROR
403 Forbidden returned for request to /api/appointments/{id}/cancel by user 8891,AUTHORIZATION_ERROR
Connection reset by peer while streaming websocket data for user 8891,NETWORK_ERROR
Application failed to start: port 8443 already in use (pid 31),SYSTEM_ERROR
Uninterpreted binary blob logged at offset 555,UNKNOWN
Thread pool queue depth elevated while processing /api/services requests,PERFORMANCE_WARNING
Expired JWT token for user 203,AUTHENTICATION_ERROR
"Cache miss for service svc-330 listing, falling back to database",WARNING
403 Forbidden returned for request to /api/admin/schedules by user 31,AUTHORIZATION_ERROR
Query timeout while fetching appointments for user 60021,DATABASE_ERROR
Appointment 31 requested for a slot close to closing time,WARNING
Slow response detected for /api/services/{id}/available-slots: 2200 ms,PERFORMANCE_WARNING
Account for user 12345 locked after repeated failed authentication attempts,SECURITY_ALERT
Exception in method: cancelAppointment | Message: Appointment 8891 not found,APPLICATION_ERROR
Data truncation: Data too long for column 'notes' at row 1,DATABASE_ERROR
"Fatal error: unable to load SSL keystore, service unavailable (code 60021)",SYSTEM_ERROR
Miscellaneous debug marker 4471 left in codebase,UNKNOWN
User 555 does not have permission to access /api/appointments/{id}/cancel,AUTHORIZATION_ERROR
Exception in method: cancelAppointment | Message: Appointment 12345 not found,APPLICATION_ERROR
Retrying email delivery to user@example.com after transient failure,WARNING
Placeholder log entry 60021 pending removal,UNKNOWN
Validation failed: startTime must not be null,VALIDATION_ERROR
Invalid request body for endpoint /api/admin/schedules: missing required field 'serviceId',VALIDATION_ERROR
Query timeout while fetching appointments for user 8891,DATABASE_ERROR
Disk space critically low on mysql-db volume (1500 MB free),SYSTEM_ERROR
IllegalStateException: working schedule not initialized for staff 9002,APPLICATION_ERROR
Proxy error: unable to forward request from Apache to spring-app:8443,NETWORK_ERROR
Invalid request body for endpoint /api/services: missing required field 'serviceId',VALIDATION_ERROR
Data truncation: Data too long for column 'notes' at row 1,DATABASE_ERROR
Legacy subsystem emitted an unrecognized diagnostic code 555,UNKNOWN
Slow response detected for /api/appointments/{id}/cancel: 4200 ms,PERFORMANCE_WARNING
Slow response detected for /api/appointments/{id}/cancel: 2200 ms,PERFORMANCE_WARNING
Appointment API request took 45 ms,PERFORMANCE_WARNING
SocketTimeoutException while sending reminder email to staff2@clinic.local,NETWORK_ERROR
Expired JWT token for user 60021,AUTHENTICATION_ERROR
User 203 does not have permission to access /api/appointments/{id}/cancel,AUTHORIZATION_ERROR
"Fatal error: unable to load SSL keystore, service unavailable (code 9002)",SYSTEM_ERROR
Suspicious request payload containing script tags blocked for /api/appointments,SECURITY_ALERT
User 8891 attempted to access admin-only endpoint /api/services/{id}/available-slots,AUTHORIZATION_ERROR
Disk space critically low on mysql-db volume (1500 MB free),SYSTEM_ERROR
xkcd-node-12345 heartbeat received on unmapped channel,UNKNOWN
403 Forbidden returned for request to /api/auth/register by user 31,AUTHORIZATION_ERROR
Data truncation: Data too long for column 'notes' at row 1,DATABASE_ERROR
Retrying email delivery to staff2@clinic.local after transient failure,WARNING
Proxy error: unable to forward request from Apache to spring-app:8443,NETWORK_ERROR
Connection reset by peer while streaming websocket data for user 9002,NETWORK_ERROR
Deadlock found when trying to get lock on table appointments; try restarting transaction,DATABASE_ERROR
Method getAllAppointments took 5000 ms to complete,PERFORMANCE_WARNING
Read timed out on connection to mysql:3306,NETWORK_ERROR
Malformed Authorization header on request to /api/auth/login,AUTHENTICATION_ERROR
Connection reset by peer while streaming websocket data for user 12345,NETWORK_ERROR
Failed to serialize response for endpoint /api/appointments/{id}/cancel,APPLICATION_ERROR
Read timed out on connection to mysql:3306,NETWORK_ERROR
Unclassified telemetry ping from unknown source 198.51.100.7,UNKNOWN
Slow response detected for /api/services/{id}/available-slots: 6100 ms,PERFORMANCE_WARNING
Connection reset by peer while streaming websocket data for user 60021,NETWORK_ERROR
Slow response detected for /api/services: 1500 ms,PERFORMANCE_WARNING
com.mysql.cj.jdbc.exceptions.CommunicationsException: Communications link failure,DATABASE_ERROR
AuthenticationException: Bad credentials for user admin@system.local,AUTHENTICATION_ERROR
Query timeout while fetching appointments for user 203,DATABASE_ERROR
Unable to reach downstream service from 172.17.0.3,NETWORK_ERROR
Invalid request body for endpoint /api/appointments/{id}/status: missing required field 'serviceId',VALIDATION_ERROR
Deprecated API version used by client for endpoint /api/appointments/{id}/cancel,WARNING
Appointment 12345 cancelled by user 77410,INFO
"JVM garbage collector could not reclaim memory, heap dump 203 written",SYSTEM_ERROR
Possible brute force attack detected against /api/auth/login from 192.168.1.10,SECURITY_ALERT
Slow response detected for /api/admin/schedules: 1500 ms,PERFORMANCE_WARNING
SQL injection pattern detected in request parameter for /api/appointments,SECURITY_ALERT
Failed to serialize response for endpoint /api/auth/login,APPLICATION_ERROR
Validation failed: startTime must not be null,VALIDATION_ERROR
IllegalStateException: working schedule not initialized for staff 77410,APPLICATION_ERROR
Completely unrelated unknown event (ref 12345),UNKNOWN
Connection reset by peer while streaming websocket data for user 31,NETWORK_ERROR
Slow response detected for /api/auth/register: 45 ms,PERFORMANCE_WARNING
Container spring-app restarted unexpectedly at cycle 12345,SYSTEM_ERROR
NullPointerException while processing appointment request for user 203,APPLICATION_ERROR
Slow response detected for /api/admin/schedules: 120 ms,PERFORMANCE_WARNING
No handler registered for event type 203,UNKNOWN
Legacy subsystem emitted an unrecognized diagnostic code 555,UNKNOWN
"Working schedule overlaps detected for staff member 203, auto-resolved",WARNING
IllegalStateException: working schedule not initialized for staff 60021,APPLICATION_ERROR
Available slots fetched for service svc-9 on requested date,INFO
Legacy subsystem emitted an unrecognized diagnostic code 9002,UNKNOWN
Query timeout while fetching appointments for user 4471,DATABASE_ERROR
OutOfMemoryError: Java heap space in appointment-service container (attempt 203),SYSTEM_ERROR
Uninterpreted binary blob logged at offset 31,UNKNOWN
AuthenticationException: Bad credentials for user customer1@mail.com,AUTHENTICATION_ERROR
Invalid JWT token,AUTHENTICATION_ERROR
Connection reset by peer while streaming websocket data for user 555,NETWORK_ERROR
Malformed Authorization header on request to /api/admin/schedules,AUTHENTICATION_ERROR
"Working schedule overlaps detected for staff member 31, auto-resolved",WARNING
Working schedule created for staff member 203,INFO
SocketTimeoutException while sending reminder email to user@example.com,NETWORK_ERROR
User 555 logged out,INFO
Slow response detected for /api/appointments: 7300 ms,PERFORMANCE_WARNING
"Cache miss for service svc-330 listing, falling back to database",WARNING
403 Forbidden returned for request to /api/services/{id}/available-slots by user 60021,AUTHORIZATION_ERROR
Account for user 4471 locked after repeated failed authentication attempts,SECURITY_ALERT
Unable to reach downstream service from 203.0.113.42,NETWORK_ERROR
NullPointerException while processing appointment request for user 31,APPLICATION_ERROR
Placeholder log entry 60021 pending removal,UNKNOWN
JWT token missing on protected endpoint /api/auth/login,AUTHENTICATION_ERROR
AccessDeniedException: role CUSTOMER cannot perform this action on /api/appointments,AUTHORIZATION_ERROR
User 4471 attempted to access admin-only endpoint /api/services/{id}/available-slots,AUTHORIZATION_ERROR
Exception in method: updateStatus | Message: Invalid status transition from FINISHED to PENDING,APPLICATION_ERROR
User 60021 does not have permission to access /api/admin/schedules,AUTHORIZATION_ERROR
Query timeout while fetching appointments for user 8891,DATABASE_ERROR
Validation failed: password must be at least 8 characters,VALIDATION_ERROR
Appointment created successfully for user 4471 with service svc-9,INFO
Unable to reach downstream service from 10.0.0.5,NETWORK_ERROR
Login failed for user staff2@clinic.local: invalid credentials,AUTHENTICATION_ERROR
NullPointerException while processing appointment request for user 60021,APPLICATION_ERROR
Slow response detected for /api/auth/login: 80 ms,PERFORMANCE_WARNING
Query timeout while fetching appointments for user 8891,DATABASE_ERROR
StackOverflowError encountered while processing recursive schedule computation for staff 77410,SYSTEM_ERROR
User 555 tried to cancel an appointment belonging to another user,AUTHORIZATION_ERROR
Configuration property spring.jpa.show-sql is enabled in a non-dev profile,WARNING
StackOverflowError encountered while processing recursive schedule computation for staff 555,SYSTEM_ERROR
Expired JWT token for user 31,AUTHENTICATION_ERROR
Exception in method: cancelAppointment | Message: Appointment 12345 not found,APPLICATION_ERROR
Slow response detected for /api/appointments/{id}/status: 80 ms,PERFORMANCE_WARNING
Connection reset by peer while streaming websocket data for user 4471,NETWORK_ERROR
Disk space critically low on mysql-db volume (4200 MB free),SYSTEM_ERROR
Query timeout while fetching appointments for user 203,DATABASE_ERROR
Malformed Authorization header on request to /api/auth/register,AUTHENTICATION_ERROR
NullPointerException while processing appointment request for user 9002,APPLICATION_ERROR
Retrying email delivery to customer1@mail.com after transient failure,WARNING
Appointment 31 status updated to ACCEPTED,INFO
Disk space critically low on mysql-db volume (45 MB free),SYSTEM_ERROR
SQL injection pattern detected in request parameter for /api/services,SECURITY_ALERT
Query timeout while fetching appointments for user 203,DATABASE_ERROR
"Fatal error: unable to load SSL keystore, service unavailable (code 8891)",SYSTEM_ERROR
Database query for available slots took 6100 ms,PERFORMANCE_WARNING
Exception in method: cancelAppointment | Message: Appointment 555 not found,APPLICATION_ERROR
Query timeout while fetching appointments for user 555,DATABASE_ERROR
Exception in method: cancelAppointment | Message: Appointment 9002 not found,APPLICATION_ERROR
Repeated 401 Unauthorized responses from IP 198.51.100.7 within short window,SECURITY_ALERT
403 Forbidden returned for request to /api/services/{id}/available-slots by user 60021,AUTHORIZATION_ERROR
Invalid request body for endpoint /api/auth/login: missing required field 'serviceId',VALIDATION_ERROR
Placeholder log entry 4471 pending removal,UNKNOWN
Appointment 12345 status updated to ACCEPTED,INFO
com.mysql.cj.jdbc.exceptions.CommunicationsException: Communications link failure,DATABASE_ERROR
Appointment created successfully for user 12345 with service svc-330,INFO
Appointment API request took 6100 ms,PERFORMANCE_WARNING
User 31 attempted to access admin-only endpoint /api/appointments/{id}/status,AUTHORIZATION_ERROR
Invalid request body for endpoint /api/services/{id}/available-slots: missing required field 'serviceId',VALIDATION_ERROR
Legacy subsystem emitted an unrecognized diagnostic code 12345,UNKNOWN
Connection reset by peer while streaming websocket data for user 203,NETWORK_ERROR
403 Forbidden returned for request to /api/services by user 555,AUTHORIZATION_ERROR
Suspicious request payload containing script tags blocked for /api/appointments/{id}/cancel,SECURITY_ALERT
"JVM garbage collector could not reclaim memory, heap dump 60021 written",SYSTEM_ERROR
Login failed for user customer1@mail.com: invalid credentials,AUTHENTICATION_ERROR
Appointment 77410 cancelled by user 12345,INFO
403 Forbidden returned for request to /api/appointments/{id}/cancel by user 77410,AUTHORIZATION_ERROR
"Working schedule overlaps detected for staff member 77410, auto-resolved",WARNING
SQL injection pattern detected in request parameter for /api/admin/schedules,SECURITY_ALERT
Placeholder log entry 12345 pending removal,UNKNOWN
User 8891 does not have permission to access /api/appointments/{id}/cancel,AUTHORIZATION_ERROR
xkcd-node-555 heartbeat received on unmapped channel,UNKNOWN
Connection reset by peer while streaming websocket data for user 31,NETWORK_ERROR
Legacy subsystem emitted an unrecognized diagnostic code 555,UNKNOWN
Database query for available slots took 80 ms,PERFORMANCE_WARNING
Validation failed: username already exists,VALIDATION_ERROR
Slow response detected for /api/auth/login: 45 ms,PERFORMANCE_WARNING
Slow response detected for /api/auth/register: 2200 ms,PERFORMANCE_WARNING
Expired JWT token for user 555,AUTHENTICATION_ERROR
Validation failed: username already exists,VALIDATION_ERROR
Invalid request body for endpoint /api/appointments/{id}/cancel: missing required field 'serviceId',VALIDATION_ERROR
xkcd-node-4471 heartbeat received on unmapped channel,UNKNOWN
Database query for available slots took 1500 ms,PERFORMANCE_WARNING
Account for user 555 locked after repeated failed authentication attempts,SECURITY_ALERT
NullPointerException while processing appointment request for user 4471,APPLICATION_ERROR
Exception in method: cancelAppointment | Message: Appointment 555 not found,APPLICATION_ERROR
Completely unrelated unknown event (ref 77410),UNKNOWN
Slow response detected for /api/auth/register: 310 ms,PERFORMANCE_WARNING
Available slots fetched for service svc-202 on requested date,INFO
"Fatal error: unable to load SSL keystore, service unavailable (code 77410)",SYSTEM_ERROR
User 203 does not have permission to access /api/appointments/{id}/status,AUTHORIZATION_ERROR
Exception in method: cancelAppointment | Message: Appointment 555 not found,APPLICATION_ERROR
WebSocket connection established for user 4471,INFO
Possible brute force attack detected against /api/auth/login from 192.168.1.10,SECURITY_ALERT
Connection timed out while calling SMTP server smtp.gmail.com:587,NETWORK_ERROR
Account for user 60021 locked after repeated failed authentication attempts,SECURITY_ALERT
Failed to parse JWT claims for request to /api/appointments/{id}/cancel,AUTHENTICATION_ERROR
Possible brute force attack detected against /api/auth/login from 192.168.1.10,SECURITY_ALERT
Request from 192.168.1.10 attempted path traversal on static resource path,SECURITY_ALERT
SQL injection pattern detected in request parameter for /api/services/{id}/available-slots,SECURITY_ALERT
User 555 attempted to book an already-cancelled appointment,WARNING
Slow response detected for /api/admin/schedules: 2200 ms,PERFORMANCE_WARNING
User 31 attempted to access admin-only endpoint /api/services,AUTHORIZATION_ERROR
Invalid request body for endpoint /api/appointments: missing required field 'serviceId',VALIDATION_ERROR
Connection reset by peer while streaming websocket data for user 4471,NETWORK_ERROR
"JVM garbage collector could not reclaim memory, heap dump 60021 written",SYSTEM_ERROR
Appointment created successfully for user 60021 with service svc-101,INFO
Account for user 31 locked after repeated failed authentication attempts,SECURITY_ALERT
Placeholder log entry 77410 pending removal,UNKNOWN
Failed to acquire JDBC Connection: HikariPool-1 connection is not available,DATABASE_ERROR
User 31 attempted to book an already-cancelled appointment,WARNING
Completely unrelated unknown event (ref 31),UNKNOWN
Slow response detected for /api/services/{id}/available-slots: 45 ms,PERFORMANCE_WARNING
User 31 attempted to access admin-only endpoint /api/admin/schedules,AUTHORIZATION_ERROR
Suspicious request payload containing script tags blocked for /api/auth/login,SECURITY_ALERT
Exception in method: cancelAppointment | Message: Appointment 31 not found,APPLICATION_ERROR
IllegalStateException: working schedule not initialized for staff 9002,APPLICATION_ERROR
Query timeout while fetching appointments for user 31,DATABASE_ERROR
Suspicious request payload containing script tags blocked for /api/services/{id}/available-slots,SECURITY_ALERT
OutOfMemoryError: Java heap space in appointment-service container (attempt 12345),SYSTEM_ERROR
Legacy subsystem emitted an unrecognized diagnostic code 203,UNKNOWN
GC pause of 80 ms detected on spring-app container,PERFORMANCE_WARNING
Unclassified telemetry ping from unknown source 172.17.0.3,UNKNOWN
SocketTimeoutException while sending reminder email to user@example.com,NETWORK_ERROR
Slow response detected for /api/appointments/{id}/status: 2200 ms,PERFORMANCE_WARNING
Slow response detected for /api/auth/login: 200 ms,PERFORMANCE_WARNING
Proxy error: unable to forward request from Apache to spring-app:8443,NETWORK_ERROR
Login failed for user user@example.com: invalid credentials,AUTHENTICATION_ERROR
"Cache miss for service svc-9 listing, falling back to database",WARNING
"Cache miss for service svc-202 listing, falling back to database",WARNING
"Working schedule overlaps detected for staff member 77410, auto-resolved",WARNING
Appointment 4471 cancelled by user 9002,INFO
Invalid request body for endpoint /api/appointments/{id}/cancel: missing required field 'serviceId',VALIDATION_ERROR
"Cache miss for service svc-9 listing, falling back to database",WARNING
Unable to reach downstream service from 172.17.0.3,NETWORK_ERROR
WebSocket connection established for user 4471,INFO
StackOverflowError encountered while processing recursive schedule computation for staff 203,SYSTEM_ERROR
Expired JWT token for user 9002,AUTHENTICATION_ERROR
Slow response detected for /api/appointments/{id}/status: 3100 ms,PERFORMANCE_WARNING
403 Forbidden returned for request to /api/appointments/{id}/status by user 60021,AUTHORIZATION_ERROR
Query timeout while fetching appointments for user 8891,DATABASE_ERROR
Expired JWT token for user 4471,AUTHENTICATION_ERROR
SocketTimeoutException while sending reminder email to customer1@mail.com,NETWORK_ERROR
SocketTimeoutException while sending reminder email to user@example.com,NETWORK_ERROR
Slow response detected for /api/appointments: 80 ms,PERFORMANCE_WARNING
Failed to acquire JDBC Connection: HikariPool-1 connection is not available,DATABASE_ERROR
NullPointerException while processing appointment request for user 31,APPLICATION_ERROR
Account for user 555 locked after repeated failed authentication attempts,SECURITY_ALERT
com.mysql.cj.jdbc.exceptions.CommunicationsException: Communications link failure,DATABASE_ERROR
"Fatal error: unable to load SSL keystore, service unavailable (code 77410)",SYSTEM_ERROR
Query timeout while fetching appointments for user 77410,DATABASE_ERROR
GC pause of 3100 ms detected on spring-app container,PERFORMANCE_WARNING
Uninterpreted binary blob logged at offset 31,UNKNOWN
Query timeout while fetching appointments for user 9002,DATABASE_ERROR
xkcd-node-31 heartbeat received on unmapped channel,UNKNOWN
Validation failed: email must be a well-formed email address,VALIDATION_ERROR
SocketTimeoutException while sending reminder email to user@example.com,NETWORK_ERROR
Possible brute force attack detected against /api/auth/login from 172.17.0.3,SECURITY_ALERT
Uninterpreted binary blob logged at offset 12345,UNKNOWN
Service svc-101 retrieved successfully,INFO
Legacy subsystem emitted an unrecognized diagnostic code 555,UNKNOWN
Database query for available slots took 1500 ms,PERFORMANCE_WARNING
Legacy subsystem emitted an unrecognized diagnostic code 8891,UNKNOWN
SSL handshake failed while connecting to mail server,NETWORK_ERROR
Request from 10.0.0.5 attempted path traversal on static resource path,SECURITY_ALERT
Invalid request body for endpoint /api/services/{id}/available-slots: missing required field 'serviceId',VALIDATION_ERROR
SQL injection pattern detected in request parameter for /api/admin/schedules,SECURITY_ALERT
User 8891 attempted to access admin-only endpoint /api/auth/register,AUTHORIZATION_ERROR
No handler registered for event type 9002,UNKNOWN
Slow response detected for /api/appointments/{id}/status: 45 ms,PERFORMANCE_WARNING
Exception in method: updateStatus | Message: Invalid status transition from FINISHED to PENDING,APPLICATION_ERROR
OutOfMemoryError: Java heap space in appointment-service container (attempt 8891),SYSTEM_ERROR
NullPointerException while processing appointment request for user 60021,APPLICATION_ERROR
Placeholder log entry 4471 pending removal,UNKNOWN
Appointment created successfully for user 4471 with service svc-77,INFO
Uninterpreted binary blob logged at offset 9002,UNKNOWN
User 12345 does not have permission to access /api/appointments/{id}/cancel,AUTHORIZATION_ERROR
Appointment API request took 2200 ms,PERFORMANCE_WARNING
Appointment created successfully for user 4471 with service svc-202,INFO
Validation failed: username already exists,VALIDATION_ERROR
Database query for available slots took 7300 ms,PERFORMANCE_WARNING
Appointment 203 cancelled by user 555,INFO
403 Forbidden returned for request to /api/services by user 12345,AUTHORIZATION_ERROR
IllegalStateException: working schedule not initialized for staff 555,APPLICATION_ERROR
Slow response detected for /api/services/{id}/available-slots: 5000 ms,PERFORMANCE_WARNING
Unusual number of admin actions performed by user 203 in a short period,SECURITY_ALERT
Failed to connect to PostgreSQL database,DATABASE_ERROR
Legacy subsystem emitted an unrecognized diagnostic code 12345,UNKNOWN
Appointment API request took 120 ms,PERFORMANCE_WARNING
"JVM garbage collector could not reclaim memory, heap dump 60021 written",SYSTEM_ERROR
Invalid request body for endpoint /api/auth/register: missing required field 'serviceId',VALIDATION_ERROR
JWT signature does not match locally computed signature,AUTHENTICATION_ERROR
Login failed for user customer1@mail.com: invalid credentials,AUTHENTICATION_ERROR
Malformed Authorization header on request to /api/admin/schedules,AUTHENTICATION_ERROR
Connection reset by peer while streaming websocket data for user 60021,NETWORK_ERROR
SSL handshake failed while connecting to mail server,NETWORK_ERROR
AccessDeniedException: role CUSTOMER cannot perform this action on /api/auth/register,AUTHORIZATION_ERROR
Working schedule created for staff member 31,INFO
User 9002 attempted to book an already-cancelled appointment,WARNING
Legacy subsystem emitted an unrecognized diagnostic code 77410,UNKNOWN
Multiple failed login attempts detected from the same IP 192.168.1.10,SECURITY_ALERT
Legacy subsystem emitted an unrecognized diagnostic code 9002,UNKNOWN
SQL injection pattern detected in request parameter for /api/services/{id}/available-slots,SECURITY_ALERT
Malformed Authorization header on request to /api/appointments,AUTHENTICATION_ERROR
Login failed for user customer1@mail.com: invalid credentials,AUTHENTICATION_ERROR
Deadlock found when trying to get lock on table appointments; try restarting transaction,DATABASE_ERROR
Unusual number of admin actions performed by user 555 in a short period,SECURITY_ALERT
WebSocket connection established for user 60021,INFO
JWT token missing on protected endpoint /api/appointments/{id}/status,AUTHENTICATION_ERROR
Suspicious request payload containing script tags blocked for /api/appointments,SECURITY_ALERT
"Method Completed: createAppointment | Result: Appointment{id=31, status=PENDING}",INFO
Suspicious request payload containing script tags blocked for /api/appointments,SECURITY_ALERT
Placeholder log entry 60021 pending removal,UNKNOWN
Repeated 401 Unauthorized responses from IP 198.51.100.7 within short window,SECURITY_ALERT
Connection reset by peer while streaming websocket data for user 77410,NETWORK_ERROR
Disk space critically low on mysql-db volume (7300 MB free),SYSTEM_ERROR
NullPointerException while processing appointment request for user 9002,APPLICATION_ERROR
JWT token missing on protected endpoint /api/appointments/{id}/cancel,AUTHENTICATION_ERROR
User 9002 attempted to access admin-only endpoint /api/appointments/{id}/cancel,AUTHORIZATION_ERROR
Appointment 60021 cancelled by user 9002,INFO
Deprecated API version used by client for endpoint /api/services/{id}/available-slots,WARNING
JWT signature does not match locally computed signature,AUTHENTICATION_ERROR
NullPointerException while processing appointment request for user 12345,APPLICATION_ERROR
Appointment 12345 cancelled by user 8891,INFO
AccessDeniedException: role CUSTOMER cannot perform this action on /api/services/{id}/available-slots,AUTHORIZATION_ERROR
Failed to serialize response for endpoint /api/services,APPLICATION_ERROR
SocketTimeoutException while sending reminder email to staff2@clinic.local,NETWORK_ERROR
Completely unrelated unknown event (ref 12345),UNKNOWN
Slow response detected for /api/appointments: 6100 ms,PERFORMANCE_WARNING
Connection reset by peer while streaming websocket data for user 31,NETWORK_ERROR
NullPointerException while processing appointment request for user 12345,APPLICATION_ERROR
Account for user 203 locked after repeated failed authentication attempts,SECURITY_ALERT
Failed to parse JWT claims for request to /api/auth/register,AUTHENTICATION_ERROR
Query timeout while fetching appointments for user 203,DATABASE_ERROR
Invalid request body for endpoint /api/auth/register: missing required field 'serviceId',VALIDATION_ERROR
User 77410 attempted to access admin-only endpoint /api/services/{id}/available-slots,AUTHORIZATION_ERROR
Slow response detected for /api/appointments: 4200 ms,PERFORMANCE_WARNING
Exception in method: createAppointment | Message: Requested slot is no longer available,APPLICATION_ERROR
Query timeout while fetching appointments for user 9002,DATABASE_ERROR
Query timeout while fetching appointments for user 203,DATABASE_ERROR
"Cache miss for service svc-77 listing, falling back to database",WARNING
Query timeout while fetching appointments for user 12345,DATABASE_ERROR
Possible brute force attack detected against /api/auth/login from 198.51.100.7,SECURITY_ALERT
User 9002 attempted to book an already-cancelled appointment,WARNING
NullPointerException while processing appointment request for user 9002,APPLICATION_ERROR
Legacy subsystem emitted an unrecognized diagnostic code 9002,UNKNOWN
"Docker health check failed for spring-app container, retry 77410",SYSTEM_ERROR
Slow response detected for /api/appointments/{id}/cancel: 45 ms,PERFORMANCE_WARNING
"Cache miss for service svc-9 listing, falling back to database",WARNING
Appointment 12345 cancelled by user 555,INFO
JWT token missing on protected endpoint /api/auth/login,AUTHENTICATION_ERROR
Appointment created successfully for user 9002 with service svc-330,INFO
"Working schedule overlaps detected for staff member 8891, auto-resolved",WARNING
User 8891 attempted to access admin-only endpoint /api/appointments,AUTHORIZATION_ERROR
Proxy error: unable to forward request from Apache to spring-app:8443,NETWORK_ERROR
Appointment 12345 requested for a slot close to closing time,WARNING
GC pause of 80 ms detected on spring-app container,PERFORMANCE_WARNING
MethodArgumentNotValidException: appointment date must be in the future,VALIDATION_ERROR
403 Forbidden returned for request to /api/auth/login by user 9002,AUTHORIZATION_ERROR
Table 'appointmentdb.working_schedule' doesn't exist,DATABASE_ERROR
Query timeout while fetching appointments for user 77410,DATABASE_ERROR
Exception in method: cancelAppointment | Message: Appointment 12345 not found,APPLICATION_ERROR
Validation failed: startTime must not be null,VALIDATION_ERROR
"JVM garbage collector could not reclaim memory, heap dump 203 written",SYSTEM_ERROR
User 77410 does not have permission to access /api/services,AUTHORIZATION_ERROR
SSL handshake failed while connecting to mail server,NETWORK_ERROR
Slow response detected for /api/auth/login: 2200 ms,PERFORMANCE_WARNING
Slow response detected for /api/services/{id}/available-slots: 1500 ms,PERFORMANCE_WARNING
Query timeout while fetching appointments for user 203,DATABASE_ERROR
Slow response detected for /api/auth/register: 200 ms,PERFORMANCE_WARNING
Completely unrelated unknown event (ref 9002),UNKNOWN
Exception in method: createAppointment | Message: Requested slot is no longer available,APPLICATION_ERROR
Disk space critically low on mysql-db volume (80 MB free),SYSTEM_ERROR
org.hibernate.exception.ConstraintViolationException: could not execute statement,DATABASE_ERROR
"Docker health check failed for spring-app container, retry 4471",SYSTEM_ERROR
IllegalStateException: working schedule not initialized for staff 9002,APPLICATION_ERROR
Unable to reach downstream service from 10.0.0.5,NETWORK_ERROR
Invalid request body for endpoint /api/services: missing required field 'serviceId',VALIDATION_ERROR
Slow response detected for /api/appointments: 2200 ms,PERFORMANCE_WARNING
Appointment 8891 cancelled by user 4471,INFO
Request from 198.51.100.7 attempted path traversal on static resource path,SECURITY_ALERT
OutOfMemoryError: Java heap space in appointment-service container (attempt 9002),SYSTEM_ERROR
Appointment created successfully for user 4471 with service svc-101,INFO
Query timeout while fetching appointments for user 555,DATABASE_ERROR
IllegalStateException: working schedule not initialized for staff 9002,APPLICATION_ERROR
Unable to reach downstream service from 198.51.100.7,NETWORK_ERROR
Query timeout while fetching appointments for user 12345,DATABASE_ERROR
Malformed Authorization header on request to /api/appointments/{id}/status,AUTHENTICATION_ERROR
"JVM garbage collector could not reclaim memory, heap dump 77410 written",SYSTEM_ERROR
Disk space critically low on mysql-db volume (1500 MB free),SYSTEM_ERROR
User 60021 attempted to book an already-cancelled appointment,WARNING
Completely unrelated unknown event (ref 203),UNKNOWN
Connection reset by peer while streaming websocket data for user 12345,NETWORK_ERROR
User 60021 does not have permission to access /api/appointments/{id}/cancel,AUTHORIZATION_ERROR
Disk space critically low on mysql-db volume (80 MB free),SYSTEM_ERROR
User 77410 attempted to access admin-only endpoint /api/appointments/{id}/cancel,AUTHORIZATION_ERROR
Appointment 8891 cancelled by user 77410,INFO
User 555 attempted to book an already-cancelled appointment,WARNING
Unable to reach downstream service from 10.0.0.5,NETWORK_ERROR
Invalid request body for endpoint /api/appointments: missing required field 'serviceId',VALIDATION_ERROR
User 31 does not have permission to access /api/appointments,AUTHORIZATION_ERROR
Method getAllAppointments took 2200 ms to complete,PERFORMANCE_WARNING
User 12345 attempted to access admin-only endpoint /api/appointments/{id}/status,AUTHORIZATION_ERROR
"JVM garbage collector could not reclaim memory, heap dump 77410 written",SYSTEM_ERROR
User 8891 does not have permission to access /api/services/{id}/available-slots,AUTHORIZATION_ERROR
Query timeout while fetching appointments for user 8891,DATABASE_ERROR
Slow response detected for /api/auth/register: 7300 ms,PERFORMANCE_WARNING
Retrying email delivery to admin@system.local after transient failure,WARNING
NullPointerException while processing appointment request for user 9002,APPLICATION_ERROR
User 9002 attempted to book an already-cancelled appointment,WARNING
"JVM garbage collector could not reclaim memory, heap dump 77410 written",SYSTEM_ERROR
Connection reset by peer while streaming websocket data for user 77410,NETWORK_ERROR
Failed to parse JWT claims for request to /api/admin/schedules,AUTHENTICATION_ERROR
Appointment 12345 cancelled by user 9002,INFO
Connection reset by peer while streaming websocket data for user 4471,NETWORK_ERROR
Connection reset by peer while streaming websocket data for user 8891,NETWORK_ERROR
"Working schedule overlaps detected for staff member 555, auto-resolved",WARNING
Legacy subsystem emitted an unrecognized diagnostic code 9002,UNKNOWN
Disk space critically low on mysql-db volume (1500 MB free),SYSTEM_ERROR
User 203 logged out,INFO
Slow response detected for /api/services/{id}/available-slots: 6100 ms,PERFORMANCE_WARNING
Slow response detected for /api/auth/login: 2200 ms,PERFORMANCE_WARNING
Failed to parse JWT claims for request to /api/auth/login,AUTHENTICATION_ERROR
Repeated 401 Unauthorized responses from IP 203.0.113.42 within short window,SECURITY_ALERT
Failed to parse JWT claims for request to /api/appointments,AUTHENTICATION_ERROR
Appointment 60021 status updated to ACCEPTED,INFO
Placeholder log entry 12345 pending removal,UNKNOWN
User 60021 attempted to access admin-only endpoint /api/appointments/{id}/status,AUTHORIZATION_ERROR
Query timeout while fetching appointments for user 203,DATABASE_ERROR
Failed to parse JWT claims for request to /api/services/{id}/available-slots,AUTHENTICATION_ERROR
SQL injection pattern detected in request parameter for /api/services/{id}/available-slots,SECURITY_ALERT
Failed to parse JWT claims for request to /api/admin/schedules,AUTHENTICATION_ERROR
Repeated 401 Unauthorized responses from IP 10.0.0.5 within short window,SECURITY_ALERT
User 203 registered a new account,INFO
"Cache miss for service svc-330 listing, falling back to database",WARNING
Completely unrelated unknown event (ref 60021),UNKNOWN
"Cache miss for service svc-202 listing, falling back to database",WARNING
JWT token missing on protected endpoint /api/auth/login,AUTHENTICATION_ERROR
Expired JWT token for user 60021,AUTHENTICATION_ERROR
User 555 attempted to book an already-cancelled appointment,WARNING
Login failed for user user@example.com: invalid credentials,AUTHENTICATION_ERROR
Multiple failed login attempts detected from the same IP 198.51.100.7,SECURITY_ALERT
Miscellaneous debug marker 60021 left in codebase,UNKNOWN
com.mysql.cj.jdbc.exceptions.CommunicationsException: Communications link failure,DATABASE_ERROR
SQL injection pattern detected in request parameter for /api/auth/login,SECURITY_ALERT
AuthenticationException: Bad credentials for user customer1@mail.com,AUTHENTICATION_ERROR
Placeholder log entry 4471 pending removal,UNKNOWN
Application failed to start: port 8443 already in use (pid 8891),SYSTEM_ERROR
Unable to reach downstream service from 172.17.0.3,NETWORK_ERROR
Appointment 31 cancelled by user 9002,INFO
"Docker health check failed for spring-app container, retry 31",SYSTEM_ERROR
Failed to parse JWT claims for request to /api/appointments/{id}/cancel,AUTHENTICATION_ERROR
Connection reset by peer while streaming websocket data for user 31,NETWORK_ERROR
Invalid request body for endpoint /api/admin/schedules: missing required field 'serviceId',VALIDATION_ERROR
WebSocket connection established for user 12345,INFO
Connection reset by peer while streaming websocket data for user 31,NETWORK_ERROR
Completely unrelated unknown event (ref 4471),UNKNOWN
Slow response detected for /api/auth/register: 200 ms,PERFORMANCE_WARNING
GC pause of 45 ms detected on spring-app container,PERFORMANCE_WARNING
Appointment 555 status updated to ACCEPTED,INFO
NullPointerException while processing appointment request for user 8891,APPLICATION_ERROR
User 555 does not have permission to access /api/services/{id}/available-slots,AUTHORIZATION_ERROR
SQL injection pattern detected in request parameter for /api/appointments/{id}/cancel,SECURITY_ALERT
"Working schedule overlaps detected for staff member 203, auto-resolved",WARNING
User 203 successfully logged in,INFO
Connection reset by peer while streaming websocket data for user 60021,NETWORK_ERROR
403 Forbidden returned for request to /api/admin/schedules by user 4471,AUTHORIZATION_ERROR
Placeholder log entry 203 pending removal,UNKNOWN
Appointment 4471 cancelled by user 31,INFO
Repeated 401 Unauthorized responses from IP 10.0.0.5 within short window,SECURITY_ALERT
Query timeout while fetching appointments for user 203,DATABASE_ERROR
Invalid request body for endpoint /api/admin/schedules: missing required field 'serviceId',VALIDATION_ERROR
Failed to parse JWT claims for request to /api/auth/login,AUTHENTICATION_ERROR
Exception in method: cancelAppointment | Message: Appointment 60021 not found,APPLICATION_ERROR
StackOverflowError encountered while processing recursive schedule computation for staff 12345,SYSTEM_ERROR
Retrying email delivery to admin@system.local after transient failure,WARNING
GC pause of 310 ms detected on spring-app container,PERFORMANCE_WARNING
Connection refused while connecting to MySQL at mysql:3306,DATABASE_ERROR
User 8891 registered a new account,INFO
Slow response detected for /api/auth/login: 310 ms,PERFORMANCE_WARNING
Query timeout while fetching appointments for user 555,DATABASE_ERROR
Slow response detected for /api/admin/schedules: 3100 ms,PERFORMANCE_WARNING
403 Forbidden returned for request to /api/auth/register by user 4471,AUTHORIZATION_ERROR
Suspicious request payload containing script tags blocked for /api/services/{id}/available-slots,SECURITY_ALERT
User 203 does not have permission to access /api/auth/register,AUTHORIZATION_ERROR
Slow response detected for /api/appointments: 1500 ms,PERFORMANCE_WARNING
403 Forbidden returned for request to /api/appointments by user 12345,AUTHORIZATION_ERROR
Slow response detected for /api/appointments/{id}/cancel: 1500 ms,PERFORMANCE_WARNING
Possible brute force attack detected against /api/auth/login from 172.17.0.3,SECURITY_ALERT
Connection reset by peer while streaming websocket data for user 12345,NETWORK_ERROR
Miscellaneous debug marker 555 left in codebase,UNKNOWN
User 60021 tried to cancel an appointment belonging to another user,AUTHORIZATION_ERROR
Invalid request body for endpoint /api/appointments/{id}/status: missing required field 'serviceId',VALIDATION_ERROR
Account for user 203 locked after repeated failed authentication attempts,SECURITY_ALERT
403 Forbidden returned for request to /api/appointments by user 203,AUTHORIZATION_ERROR
Possible brute force attack detected against /api/auth/login from 192.168.1.10,SECURITY_ALERT
Repeated 401 Unauthorized responses from IP 172.17.0.3 within short window,SECURITY_ALERT
OutOfMemoryError: Java heap space in appointment-service container (attempt 4471),SYSTEM_ERROR
Exception in method: createAppointment | Message: Requested slot is no longer available,APPLICATION_ERROR
Connection timed out while calling SMTP server smtp.gmail.com:587,NETWORK_ERROR
"Connection pool exhausted, unable to obtain JDBC connection for appointmentdb",DATABASE_ERROR
User 12345 successfully logged in,INFO
User 77410 attempted to book an already-cancelled appointment,WARNING
"Cache miss for service svc-101 listing, falling back to database",WARNING
"Connection pool exhausted, unable to obtain JDBC connection for appointmentdb",DATABASE_ERROR
Appointment created successfully for user 31 with service svc-202,INFO
Malformed Authorization header on request to /api/admin/schedules,AUTHENTICATION_ERROR
Miscellaneous debug marker 60021 left in codebase,UNKNOWN
Placeholder log entry 31 pending removal,UNKNOWN
Appointment 9002 cancelled by user 4471,INFO
403 Forbidden returned for request to /api/appointments by user 60021,AUTHORIZATION_ERROR
Appointment 9002 cancelled by user 8891,INFO
Query timeout while fetching appointments for user 31,DATABASE_ERROR
"Working schedule overlaps detected for staff member 77410, auto-resolved",WARNING
Query timeout while fetching appointments for user 9002,DATABASE_ERROR
Proxy error: unable to forward request from Apache to spring-app:8443,NETWORK_ERROR
Exception in method: cancelAppointment | Message: Appointment 9002 not found,APPLICATION_ERROR
Query timeout while fetching appointments for user 8891,DATABASE_ERROR
Failed to parse JWT claims for request to /api/services,AUTHENTICATION_ERROR
"Fatal error: unable to load SSL keystore, service unavailable (code 203)",SYSTEM_ERROR
Application failed to start: port 8443 already in use (pid 555),SYSTEM_ERROR
Appointment 4471 requested for a slot close to closing time,WARNING
Connection reset by peer while streaming websocket data for user 8891,NETWORK_ERROR
User 12345 attempted to access admin-only endpoint /api/auth/login,AUTHORIZATION_ERROR
Query timeout while fetching appointments for user 31,DATABASE_ERROR
Placeholder log entry 203 pending removal,UNKNOWN
"JVM garbage collector could not reclaim memory, heap dump 555 written",SYSTEM_ERROR
JWT token missing on protected endpoint /api/services/{id}/available-slots,AUTHENTICATION_ERROR
Suspicious request payload containing script tags blocked for /api/services,SECURITY_ALERT
Uninterpreted binary blob logged at offset 8891,UNKNOWN
Failed to serialize response for endpoint /api/auth/register,APPLICATION_ERROR
Failed to parse JWT claims for request to /api/appointments,AUTHENTICATION_ERROR
Query timeout while fetching appointments for user 60021,DATABASE_ERROR
Appointment API request took 4200 ms,PERFORMANCE_WARNING
Invalid request body for endpoint /api/appointments: missing required field 'serviceId',VALIDATION_ERROR
MethodArgumentNotValidException: appointment date must be in the future,VALIDATION_ERROR
User 4471 attempted to access admin-only endpoint /api/appointments/{id}/cancel,AUTHORIZATION_ERROR
Appointment 9002 requested for a slot close to closing time,WARNING
"Method Completed: createAppointment | Result: Appointment{id=8891, status=PENDING}",INFO
Query timeout while fetching appointments for user 203,DATABASE_ERROR
Query timeout while fetching appointments for user 555,DATABASE_ERROR
"Working schedule overlaps detected for staff member 31, auto-resolved",WARNING
"Cache miss for service svc-77 listing, falling back to database",WARNING
403 Forbidden returned for request to /api/appointments/{id}/status by user 203,AUTHORIZATION_ERROR
Invalid request body for endpoint /api/auth/register: missing required field 'serviceId',VALIDATION_ERROR
NullPointerException while processing appointment request for user 8891,APPLICATION_ERROR
StackOverflowError encountered while processing recursive schedule computation for staff 9002,SYSTEM_ERROR
Invalid request body for endpoint /api/appointments/{id}/status: missing required field 'serviceId',VALIDATION_ERROR
OutOfMemoryError: Java heap space in appointment-service container (attempt 203),SYSTEM_ERROR
xkcd-node-31 heartbeat received on unmapped channel,UNKNOWN
"Working schedule overlaps detected for staff member 203, auto-resolved",WARNING
Connection reset by peer while streaming websocket data for user 9002,NETWORK_ERROR
Slow response detected for /api/appointments/{id}/cancel: 120 ms,PERFORMANCE_WARNING
Expired JWT token for user 4471,AUTHENTICATION_ERROR
User 77410 logged out,INFO
SSL handshake failed while connecting to mail server,NETWORK_ERROR
Query timeout while fetching appointments for user 555,DATABASE_ERROR
Failed to parse JWT claims for request to /api/auth/login,AUTHENTICATION_ERROR
Unclassified telemetry ping from unknown source 198.51.100.7,UNKNOWN
Appointment 9002 status updated to ACCEPTED,INFO
org.hibernate.exception.ConstraintViolationException: could not execute statement,DATABASE_ERROR
org.hibernate.exception.ConstraintViolationException: could not execute statement,DATABASE_ERROR
Connection reset by peer while streaming websocket data for user 31,NETWORK_ERROR
Failed to serialize response for endpoint /api/auth/login,APPLICATION_ERROR
WebSocket connection established for user 555,INFO
NullPointerException while processing appointment request for user 12345,APPLICATION_ERROR
Unable to reach downstream service from 192.168.1.10,NETWORK_ERROR
Connection reset by peer while streaming websocket data for user 555,NETWORK_ERROR
User 4471 attempted to book an already-cancelled appointment,WARNING
Multiple failed login attempts detected from the same IP 10.0.0.5,SECURITY_ALERT
User 31 tried to cancel an appointment belonging to another user,AUTHORIZATION_ERROR
Unable to reach downstream service from 172.17.0.3,NETWORK_ERROR
Invalid request body for endpoint /api/appointments/{id}/cancel: missing required field 'serviceId',VALIDATION_ERROR
Request from 172.17.0.3 attempted path traversal on static resource path,SECURITY_ALERT
Exception in method: register | Message: Unexpected error creating user account,APPLICATION_ERROR
xkcd-node-31 heartbeat received on unmapped channel,UNKNOWN
Validation failed: startTime must not be null,VALIDATION_ERROR
Application failed to start: port 8443 already in use (pid 31),SYSTEM_ERROR
Connection timed out while calling SMTP server smtp.gmail.com:587,NETWORK_ERROR
IllegalStateException: working schedule not initialized for staff 31,APPLICATION_ERROR
Read timed out on connection to mysql:3306,NETWORK_ERROR
Expired JWT token for user 203,AUTHENTICATION_ERROR
SocketTimeoutException while sending reminder email to user@example.com,NETWORK_ERROR
Working schedule created for staff member 8891,INFO
xkcd-node-4471 heartbeat received on unmapped channel,UNKNOWN
Malformed Authorization header on request to /api/admin/schedules,AUTHENTICATION_ERROR
Appointment created successfully for user 555 with service svc-202,INFO
NullPointerException while processing appointment request for user 555,APPLICATION_ERROR
Read timed out on connection to mysql:3306,NETWORK_ERROR
SocketTimeoutException while sending reminder email to customer1@mail.com,NETWORK_ERROR
Unusual number of admin actions performed by user 4471 in a short period,SECURITY_ALERT
Possible brute force attack detected against /api/auth/login from 172.17.0.3,SECURITY_ALERT
Slow response detected for /api/auth/login: 1500 ms,PERFORMANCE_WARNING
User 12345 attempted to access admin-only endpoint /api/admin/schedules,AUTHORIZATION_ERROR
Deprecated API version used by client for endpoint /api/auth/login,WARNING
403 Forbidden returned for request to /api/appointments by user 9002,AUTHORIZATION_ERROR
Exception in method: cancelAppointment | Message: Appointment 12345 not found,APPLICATION_ERROR
StackOverflowError encountered while processing recursive schedule computation for staff 9002,SYSTEM_ERROR
JWT token missing on protected endpoint /api/admin/schedules,AUTHENTICATION_ERROR
Failed to connect to PostgreSQL database,DATABASE_ERROR
Data truncation: Data too long for column 'notes' at row 1,DATABASE_ERROR
Possible brute force attack detected against /api/auth/login from 172.17.0.3,SECURITY_ALERT
Exception in method: updateStatus | Message: Invalid status transition from FINISHED to PENDING,APPLICATION_ERROR
Login failed for user staff2@clinic.local: invalid credentials,AUTHENTICATION_ERROR
Failed to parse JWT claims for request to /api/services,AUTHENTICATION_ERROR
xkcd-node-8891 heartbeat received on unmapped channel,UNKNOWN
NullPointerException while processing appointment request for user 77410,APPLICATION_ERROR
Disk space critically low on mysql-db volume (1500 MB free),SYSTEM_ERROR
Possible brute force attack detected against /api/auth/login from 192.168.1.10,SECURITY_ALERT
User 555 attempted to access admin-only endpoint /api/admin/schedules,AUTHORIZATION_ERROR
User 4471 registered a new account,INFO
Request from 172.17.0.3 attempted path traversal on static resource path,SECURITY_ALERT
"Working schedule overlaps detected for staff member 12345, auto-resolved",WARNING
Slow response detected for /api/auth/register: 120 ms,PERFORMANCE_WARNING
Appointment 555 cancelled by user 4471,INFO
Exception in method: cancelAppointment | Message: Appointment 9002 not found,APPLICATION_ERROR
Configuration property spring.jpa.show-sql is enabled in a non-dev profile,WARNING
Appointment 555 status updated to ACCEPTED,INFO
Miscellaneous debug marker 555 left in codebase,UNKNOWN
Failed to acquire JDBC Connection: HikariPool-1 connection is not available,DATABASE_ERROR
403 Forbidden returned for request to /api/appointments/{id}/cancel by user 555,AUTHORIZATION_ERROR
OutOfMemoryError: Java heap space in appointment-service container (attempt 31),SYSTEM_ERROR
Appointment 203 requested for a slot close to closing time,WARNING
Data truncation: Data too long for column 'notes' at row 1,DATABASE_ERROR
Connection refused while connecting to MySQL at mysql:3306,DATABASE_ERROR
Application failed to start: port 8443 already in use (pid 12345),SYSTEM_ERROR
Connection reset by peer while streaming websocket data for user 9002,NETWORK_ERROR
Query timeout while fetching appointments for user 12345,DATABASE_ERROR
Failed to parse JWT claims for request to /api/auth/register,AUTHENTICATION_ERROR
org.hibernate.exception.ConstraintViolationException: could not execute statement,DATABASE_ERROR
Appointment 60021 requested for a slot close to closing time,WARNING
Completely unrelated unknown event (ref 77410),UNKNOWN
Expired JWT token for user 31,AUTHENTICATION_ERROR
Validation failed: username already exists,VALIDATION_ERROR
Failed to parse JWT claims for request to /api/services/{id}/available-slots,AUTHENTICATION_ERROR
Appointment 4471 requested for a slot close to closing time,WARNING
Completely unrelated unknown event (ref 77410),UNKNOWN
Appointment 8891 cancelled by user 77410,INFO
Validation failed: username already exists,VALIDATION_ERROR
Failed to acquire JDBC Connection: HikariPool-1 connection is not available,DATABASE_ERROR
Disk space critically low on mysql-db volume (6100 MB free),SYSTEM_ERROR
Query timeout while fetching appointments for user 12345,DATABASE_ERROR
Thread pool queue depth elevated while processing /api/appointments/{id}/cancel requests,PERFORMANCE_WARNING
Appointment 31 requested for a slot close to closing time,WARNING
User 12345 does not have permission to access /api/appointments,AUTHORIZATION_ERROR
Expired JWT token for user 9002,AUTHENTICATION_ERROR
org.hibernate.exception.ConstraintViolationException: could not execute statement,DATABASE_ERROR
Query timeout while fetching appointments for user 9002,DATABASE_ERROR
No handler registered for event type 8891,UNKNOWN
Failed to serialize response for endpoint /api/auth/login,APPLICATION_ERROR
"Docker health check failed for spring-app container, retry 8891",SYSTEM_ERROR
User 31 attempted to access admin-only endpoint /api/services/{id}/available-slots,AUTHORIZATION_ERROR
Connection reset by peer while streaming websocket data for user 60021,NETWORK_ERROR
Unable to reach downstream service from 198.51.100.7,NETWORK_ERROR
Failed to serialize response for endpoint /api/appointments,APPLICATION_ERROR
User 12345 attempted to access admin-only endpoint /api/services,AUTHORIZATION_ERROR
Retrying email delivery to user@example.com after transient failure,WARNING
Application failed to start: port 8443 already in use (pid 60021),SYSTEM_ERROR
Failed to connect to PostgreSQL database,DATABASE_ERROR
Failed to acquire JDBC Connection: HikariPool-1 connection is not available,DATABASE_ERROR
Validation failed: password must be at least 8 characters,VALIDATION_ERROR
"Connection pool exhausted, unable to obtain JDBC connection for appointmentdb",DATABASE_ERROR
403 Forbidden returned for request to /api/services by user 203,AUTHORIZATION_ERROR
Appointment 60021 cancelled by user 60021,INFO
Invalid request body for endpoint /api/admin/schedules: missing required field 'serviceId',VALIDATION_ERROR
Account for user 555 locked after repeated failed authentication attempts,SECURITY_ALERT
Deprecated API version used by client for endpoint /api/appointments,WARNING
403 Forbidden returned for request to /api/auth/register by user 77410,AUTHORIZATION_ERROR
MethodArgumentNotValidException: appointment date must be in the future,VALIDATION_ERROR
Invalid request body for endpoint /api/appointments/{id}/cancel: missing required field 'serviceId',VALIDATION_ERROR
Working schedule created for staff member 9002,INFO
Appointment 9002 requested for a slot close to closing time,WARNING
Invalid request body for endpoint /api/auth/login: missing required field 'serviceId',VALIDATION_ERROR
Failed to acquire JDBC Connection: HikariPool-1 connection is not available,DATABASE_ERROR
Invalid request body for endpoint /api/auth/register: missing required field 'serviceId',VALIDATION_ERROR
Failed to parse JWT claims for request to /api/services/{id}/available-slots,AUTHENTICATION_ERROR
"JVM garbage collector could not reclaim memory, heap dump 4471 written",SYSTEM_ERROR
xkcd-node-203 heartbeat received on unmapped channel,UNKNOWN
Multiple failed login attempts detected from the same IP 10.0.0.5,SECURITY_ALERT
Unusual number of admin actions performed by user 8891 in a short period,SECURITY_ALERT
StackOverflowError encountered while processing recursive schedule computation for staff 555,SYSTEM_ERROR
Container spring-app restarted unexpectedly at cycle 31,SYSTEM_ERROR
Connection reset by peer while streaming websocket data for user 555,NETWORK_ERROR
Invalid JWT token,AUTHENTICATION_ERROR
Query timeout while fetching appointments for user 203,DATABASE_ERROR
Miscellaneous debug marker 12345 left in codebase,UNKNOWN
Disk space critically low on mysql-db volume (1500 MB free),SYSTEM_ERROR
User 4471 does not have permission to access /api/appointments/{id}/cancel,AUTHORIZATION_ERROR
Exception in method: updateStatus | Message: Invalid status transition from FINISHED to PENDING,APPLICATION_ERROR
Connection reset by peer while streaming websocket data for user 4471,NETWORK_ERROR
Uninterpreted binary blob logged at offset 60021,UNKNOWN
Slow response detected for /api/appointments/{id}/status: 120 ms,PERFORMANCE_WARNING
GC pause of 200 ms detected on spring-app container,PERFORMANCE_WARNING
User 9002 attempted to access admin-only endpoint /api/services,AUTHORIZATION_ERROR
SQL injection pattern detected in request parameter for /api/appointments/{id}/cancel,SECURITY_ALERT
Invalid request body for endpoint /api/appointments/{id}/cancel: missing required field 'serviceId',VALIDATION_ERROR
Connection timed out while calling SMTP server smtp.gmail.com:587,NETWORK_ERROR
Suspicious request payload containing script tags blocked for /api/auth/register,SECURITY_ALERT
Legacy subsystem emitted an unrecognized diagnostic code 555,UNKNOWN
Account for user 12345 locked after repeated failed authentication attempts,SECURITY_ALERT
"Cache miss for service svc-9 listing, falling back to database",WARNING
Expired JWT token for user 555,AUTHENTICATION_ERROR
Disk space critically low on mysql-db volume (45 MB free),SYSTEM_ERROR
Appointment 8891 cancelled by user 9002,INFO
Completely unrelated unknown event (ref 203),UNKNOWN
OutOfMemoryError: Java heap space in appointment-service container (attempt 4471),SYSTEM_ERROR
User 203 attempted to book an already-cancelled appointment,WARNING
StackOverflowError encountered while processing recursive schedule computation for staff 203,SYSTEM_ERROR
Query timeout while fetching appointments for user 31,DATABASE_ERROR
Expired JWT token for user 203,AUTHENTICATION_ERROR
SocketTimeoutException while sending reminder email to customer1@mail.com,NETWORK_ERROR
AuthenticationException: Bad credentials for user staff2@clinic.local,AUTHENTICATION_ERROR
Unable to reach downstream service from 172.17.0.3,NETWORK_ERROR
Miscellaneous debug marker 8891 left in codebase,UNKNOWN
Exception in method: cancelAppointment | Message: Appointment 77410 not found,APPLICATION_ERROR
User 203 attempted to access admin-only endpoint /api/appointments,AUTHORIZATION_ERROR
User 203 attempted to book an already-cancelled appointment,WARNING
403 Forbidden returned for request to /api/admin/schedules by user 8891,AUTHORIZATION_ERROR
Invalid request body for endpoint /api/appointments/{id}/cancel: missing required field 'serviceId',VALIDATION_ERROR
User 77410 attempted to access admin-only endpoint /api/auth/login,AUTHORIZATION_ERROR
User 60021 attempted to access admin-only endpoint /api/auth/login,AUTHORIZATION_ERROR
SQL injection pattern detected in request parameter for /api/services,SECURITY_ALERT
IllegalStateException: working schedule not initialized for staff 8891,APPLICATION_ERROR
"Docker health check failed for spring-app container, retry 9002",SYSTEM_ERROR
Slow response detected for /api/appointments/{id}/status: 6100 ms,PERFORMANCE_WARNING
Unusual number of admin actions performed by user 60021 in a short period,SECURITY_ALERT
Appointment 60021 requested for a slot close to closing time,WARNING
Failed to serialize response for endpoint /api/auth/register,APPLICATION_ERROR
SQL injection pattern detected in request parameter for /api/services/{id}/available-slots,SECURITY_ALERT
Expired JWT token for user 4471,AUTHENTICATION_ERROR
Deprecated API version used by client for endpoint /api/services,WARNING
IllegalStateException: working schedule not initialized for staff 12345,APPLICATION_ERROR
Account for user 8891 locked after repeated failed authentication attempts,SECURITY_ALERT
Invalid request body for endpoint /api/auth/login: missing required field 'serviceId',VALIDATION_ERROR
NullPointerException while processing appointment request for user 60021,APPLICATION_ERROR
JWT token missing on protected endpoint /api/auth/register,AUTHENTICATION_ERROR
Rejected request: appointment duration must be positive,VALIDATION_ERROR
Appointment 8891 status updated to ACCEPTED,INFO
Proxy error: unable to forward request from Apache to spring-app:8443,NETWORK_ERROR
xkcd-node-203 heartbeat received on unmapped channel,UNKNOWN
User 4471 attempted to access admin-only endpoint /api/auth/login,AUTHORIZATION_ERROR
xkcd-node-60021 heartbeat received on unmapped channel,UNKNOWN
Database query for available slots took 3100 ms,PERFORMANCE_WARNING
Slow response detected for /api/admin/schedules: 310 ms,PERFORMANCE_WARNING
User 203 attempted to book an already-cancelled appointment,WARNING
"Working schedule overlaps detected for staff member 31, auto-resolved",WARNING
Database query for available slots took 2200 ms,PERFORMANCE_WARNING
Appointment 77410 cancelled by user 9002,INFO
Table 'appointmentdb.working_schedule' doesn't exist,DATABASE_ERROR
Appointment 4471 cancelled by user 555,INFO
Unhandled RuntimeException in AppointmentService.getAvailableSlots,APPLICATION_ERROR
Expired JWT token for user 12345,AUTHENTICATION_ERROR
Rejected request: appointment duration must be positive,VALIDATION_ERROR
Slow response detected for /api/appointments/{id}/cancel: 80 ms,PERFORMANCE_WARNING
Completely unrelated unknown event (ref 31),UNKNOWN
Completely unrelated unknown event (ref 12345),UNKNOWN
User 8891 attempted to book an already-cancelled appointment,WARNING
Query timeout while fetching appointments for user 77410,DATABASE_ERROR
Suspicious request payload containing script tags blocked for /api/auth/register,SECURITY_ALERT
User 555 does not have permission to access /api/admin/schedules,AUTHORIZATION_ERROR
Unable to reach downstream service from 198.51.100.7,NETWORK_ERROR
Unable to reach downstream service from 10.0.0.5,NETWORK_ERROR
Legacy subsystem emitted an unrecognized diagnostic code 203,UNKNOWN
Invalid request body for endpoint /api/services/{id}/available-slots: missing required field 'serviceId',VALIDATION_ERROR
No handler registered for event type 9002,UNKNOWN
"Connection pool exhausted, unable to obtain JDBC connection for appointmentdb",DATABASE_ERROR
Query timeout while fetching appointments for user 77410,DATABASE_ERROR
Appointment created successfully for user 555 with service svc-101,INFO
Malformed Authorization header on request to /api/appointments,AUTHENTICATION_ERROR
Malformed Authorization header on request to /api/appointments,AUTHENTICATION_ERROR
Invalid request body for endpoint /api/appointments: missing required field 'serviceId',VALIDATION_ERROR
xkcd-node-60021 heartbeat received on unmapped channel,UNKNOWN
Thread pool queue depth elevated while processing /api/auth/register requests,PERFORMANCE_WARNING
Invalid request body for endpoint /api/appointments: missing required field 'serviceId',VALIDATION_ERROR
Suspicious request payload containing script tags blocked for /api/services,SECURITY_ALERT
JWT token missing on protected endpoint /api/services,AUTHENTICATION_ERROR
"Working schedule overlaps detected for staff member 77410, auto-resolved",WARNING
SocketTimeoutException while sending reminder email to staff2@clinic.local,NETWORK_ERROR
Query timeout while fetching appointments for user 8891,DATABASE_ERROR
Unhandled RuntimeException in AppointmentService.getAvailableSlots,APPLICATION_ERROR
IllegalStateException: working schedule not initialized for staff 555,APPLICATION_ERROR
User 77410 attempted to access admin-only endpoint /api/auth/register,AUTHORIZATION_ERROR
Container spring-app restarted unexpectedly at cycle 8891,SYSTEM_ERROR
"Docker health check failed for spring-app container, retry 77410",SYSTEM_ERROR
Appointment created successfully for user 31 with service svc-9,INFO
Validation failed: email must be a well-formed email address,VALIDATION_ERROR
Failed to serialize response for endpoint /api/appointments/{id}/status,APPLICATION_ERROR
Miscellaneous debug marker 9002 left in codebase,UNKNOWN
Invalid request body for endpoint /api/appointments/{id}/cancel: missing required field 'serviceId',VALIDATION_ERROR
Deprecated API version used by client for endpoint /api/services/{id}/available-slots,WARNING
Unable to reach downstream service from 10.0.0.5,NETWORK_ERROR
MethodArgumentNotValidException: appointment date must be in the future,VALIDATION_ERROR
Invalid request body for endpoint /api/auth/login: missing required field 'serviceId',VALIDATION_ERROR
Failed to parse JWT claims for request to /api/services,AUTHENTICATION_ERROR
Appointment 9002 cancelled by user 60021,INFO
User 203 attempted to access admin-only endpoint /api/appointments/{id}/status,AUTHORIZATION_ERROR
"Fatal error: unable to load SSL keystore, service unavailable (code 555)",SYSTEM_ERROR
Invalid request body for endpoint /api/appointments/{id}/status: missing required field 'serviceId',VALIDATION_ERROR
User 60021 does not have permission to access /api/auth/register,AUTHORIZATION_ERROR
Connection reset by peer while streaming websocket data for user 4471,NETWORK_ERROR
Failed to serialize response for endpoint /api/admin/schedules,APPLICATION_ERROR
Legacy subsystem emitted an unrecognized diagnostic code 555,UNKNOWN
GC pause of 120 ms detected on spring-app container,PERFORMANCE_WARNING
Exception in method: cancelAppointment | Message: Appointment 77410 not found,APPLICATION_ERROR
Invalid request body for endpoint /api/appointments: missing required field 'serviceId',VALIDATION_ERROR
Miscellaneous debug marker 31 left in codebase,UNKNOWN
Appointment 555 status updated to ACCEPTED,INFO
Unusual number of admin actions performed by user 8891 in a short period,SECURITY_ALERT
Application failed to start: port 8443 already in use (pid 203),SYSTEM_ERROR
Deadlock found when trying to get lock on table appointments; try restarting transaction,DATABASE_ERROR
Application failed to start: port 8443 already in use (pid 8891),SYSTEM_ERROR
Suspicious request payload containing script tags blocked for /api/appointments/{id}/cancel,SECURITY_ALERT
User 4471 attempted to book an already-cancelled appointment,WARNING
SSL handshake failed while connecting to mail server,NETWORK_ERROR
"Cache miss for service svc-202 listing, falling back to database",WARNING
Table 'appointmentdb.working_schedule' doesn't exist,DATABASE_ERROR
Invalid request body for endpoint /api/appointments: missing required field 'serviceId',VALIDATION_ERROR
Slow response detected for /api/auth/register: 7300 ms,PERFORMANCE_WARNING
"Working schedule overlaps detected for staff member 4471, auto-resolved",WARNING
User 77410 does not have permission to access /api/auth/login,AUTHORIZATION_ERROR
"Cache miss for service svc-202 listing, falling back to database",WARNING
Connection reset by peer while streaming websocket data for user 31,NETWORK_ERROR
StackOverflowError encountered while processing recursive schedule computation for staff 8891,SYSTEM_ERROR
Appointment 77410 cancelled by user 12345,INFO
Deprecated API version used by client for endpoint /api/auth/register,WARNING
Failed to serialize response for endpoint /api/appointments/{id}/status,APPLICATION_ERROR
Invalid request body for endpoint /api/services: missing required field 'serviceId',VALIDATION_ERROR
"Connection pool exhausted, unable to obtain JDBC connection for appointmentdb",DATABASE_ERROR
Connection reset by peer while streaming websocket data for user 77410,NETWORK_ERROR
Query timeout while fetching appointments for user 77410,DATABASE_ERROR
Completely unrelated unknown event (ref 77410),UNKNOWN
Slow response detected for /api/appointments/{id}/cancel: 3100 ms,PERFORMANCE_WARNING
StackOverflowError encountered while processing recursive schedule computation for staff 9002,SYSTEM_ERROR
SocketTimeoutException while sending reminder email to customer1@mail.com,NETWORK_ERROR
Container spring-app restarted unexpectedly at cycle 31,SYSTEM_ERROR
Failed to serialize response for endpoint /api/auth/login,APPLICATION_ERROR
Slow response detected for /api/services: 310 ms,PERFORMANCE_WARNING
Account for user 12345 locked after repeated failed authentication attempts,SECURITY_ALERT
Disk space critically low on mysql-db volume (310 MB free),SYSTEM_ERROR
SSL handshake failed while connecting to mail server,NETWORK_ERROR
Connection reset by peer while streaming websocket data for user 12345,NETWORK_ERROR
Slow response detected for /api/services: 80 ms,PERFORMANCE_WARNING
403 Forbidden returned for request to /api/admin/schedules by user 203,AUTHORIZATION_ERROR
Connection reset by peer while streaming websocket data for user 4471,NETWORK_ERROR
Appointment 8891 cancelled by user 77410,INFO
IllegalStateException: working schedule not initialized for staff 203,APPLICATION_ERROR
Exception in method: cancelAppointment | Message: Appointment 203 not found,APPLICATION_ERROR
Account for user 9002 locked after repeated failed authentication attempts,SECURITY_ALERT
Invalid request body for endpoint /api/appointments: missing required field 'serviceId',VALIDATION_ERROR
Exception in method: cancelAppointment | Message: Appointment 203 not found,APPLICATION_ERROR
Query timeout while fetching appointments for user 9002,DATABASE_ERROR
Query timeout while fetching appointments for user 8891,DATABASE_ERROR
Appointment 60021 cancelled by user 555,INFO
Appointment 9002 cancelled by user 31,INFO
Login failed for user customer1@mail.com: invalid credentials,AUTHENTICATION_ERROR
Slow response detected for /api/appointments/{id}/status: 3100 ms,PERFORMANCE_WARNING
MethodArgumentNotValidException: appointment date must be in the future,VALIDATION_ERROR
Database query for available slots took 6100 ms,PERFORMANCE_WARNING
"Working schedule overlaps detected for staff member 555, auto-resolved",WARNING
Disk space critically low on mysql-db volume (120 MB free),SYSTEM_ERROR
Slow response detected for /api/appointments/{id}/cancel: 310 ms,PERFORMANCE_WARNING
Method getAllAppointments took 45 ms to complete,PERFORMANCE_WARNING
IllegalStateException: working schedule not initialized for staff 203,APPLICATION_ERROR
Exception in method: cancelAppointment | Message: Appointment 4471 not found,APPLICATION_ERROR
Disk space critically low on mysql-db volume (120 MB free),SYSTEM_ERROR
Connection reset by peer while streaming websocket data for user 31,NETWORK_ERROR
Query timeout while fetching appointments for user 60021,DATABASE_ERROR
Account for user 31 locked after repeated failed authentication attempts,SECURITY_ALERT
Slow response detected for /api/auth/register: 3100 ms,PERFORMANCE_WARNING
IllegalStateException: working schedule not initialized for staff 4471,APPLICATION_ERROR
Miscellaneous debug marker 8891 left in codebase,UNKNOWN
Appointment 8891 cancelled by user 8891,INFO
User 60021 attempted to access admin-only endpoint /api/services,AUTHORIZATION_ERROR
"Cache miss for service svc-330 listing, falling back to database",WARNING
"Cache miss for service svc-101 listing, falling back to database",WARNING
IllegalStateException: working schedule not initialized for staff 203,APPLICATION_ERROR
AccessDeniedException: role CUSTOMER cannot perform this action on /api/appointments/{id}/status,AUTHORIZATION_ERROR
"Working schedule overlaps detected for staff member 12345, auto-resolved",WARNING
"Docker health check failed for spring-app container, retry 31",SYSTEM_ERROR
Validation failed: startTime must not be null,VALIDATION_ERROR
Appointment 31 cancelled by user 9002,INFO
Miscellaneous debug marker 31 left in codebase,UNKNOWN
Unclassified telemetry ping from unknown source 203.0.113.42,UNKNOWN
No handler registered for event type 8891,UNKNOWN
Appointment 31 cancelled by user 555,INFO
403 Forbidden returned for request to /api/appointments/{id}/cancel by user 12345,AUTHORIZATION_ERROR
Expired JWT token for user 9002,AUTHENTICATION_ERROR
Invalid request body for endpoint /api/auth/login: missing required field 'serviceId',VALIDATION_ERROR
Connection reset by peer while streaming websocket data for user 60021,NETWORK_ERROR
Unusual number of admin actions performed by user 31 in a short period,SECURITY_ALERT
Legacy subsystem emitted an unrecognized diagnostic code 77410,UNKNOWN
User 8891 does not have permission to access /api/auth/register,AUTHORIZATION_ERROR
JWT signature does not match locally computed signature,AUTHENTICATION_ERROR
User 12345 logged out,INFO
AuthenticationException: Bad credentials for user staff2@clinic.local,AUTHENTICATION_ERROR
User 12345 attempted to access admin-only endpoint /api/services/{id}/available-slots,AUTHORIZATION_ERROR
Placeholder log entry 12345 pending removal,UNKNOWN
Database query for available slots took 200 ms,PERFORMANCE_WARNING
Connection reset by peer while streaming websocket data for user 60021,NETWORK_ERROR
Working schedule created for staff member 60021,INFO
Table 'appointmentdb.working_schedule' doesn't exist,DATABASE_ERROR
Uninterpreted binary blob logged at offset 555,UNKNOWN
Application failed to start: port 8443 already in use (pid 555),SYSTEM_ERROR
Invalid request body for endpoint /api/appointments/{id}/status: missing required field 'serviceId',VALIDATION_ERROR
Container spring-app restarted unexpectedly at cycle 31,SYSTEM_ERROR
Account for user 555 locked after repeated failed authentication attempts,SECURITY_ALERT
"JVM garbage collector could not reclaim memory, heap dump 60021 written",SYSTEM_ERROR
Appointment 77410 requested for a slot close to closing time,WARNING
Exception in method: cancelAppointment | Message: Appointment 203 not found,APPLICATION_ERROR
Deadlock found when trying to get lock on table appointments; try restarting transaction,DATABASE_ERROR
Appointment 203 status updated to ACCEPTED,INFO
Repeated 401 Unauthorized responses from IP 10.0.0.5 within short window,SECURITY_ALERT
Query timeout while fetching appointments for user 77410,DATABASE_ERROR
Request from 198.51.100.7 attempted path traversal on static resource path,SECURITY_ALERT
Validation failed: username already exists,VALIDATION_ERROR
Query timeout while fetching appointments for user 12345,DATABASE_ERROR
Thread pool queue depth elevated while processing /api/admin/schedules requests,PERFORMANCE_WARNING
Slow response detected for /api/appointments/{id}/status: 200 ms,PERFORMANCE_WARNING
"Fatal error: unable to load SSL keystore, service unavailable (code 31)",SYSTEM_ERROR
JWT token missing on protected endpoint /api/appointments,AUTHENTICATION_ERROR
User 555 successfully logged in,INFO
User 555 attempted to access admin-only endpoint /api/services,AUTHORIZATION_ERROR
SQL injection pattern detected in request parameter for /api/services/{id}/available-slots,SECURITY_ALERT
SocketTimeoutException while sending reminder email to staff2@clinic.local,NETWORK_ERROR
User 12345 attempted to access admin-only endpoint /api/appointments/{id}/cancel,AUTHORIZATION_ERROR
Malformed Authorization header on request to /api/appointments,AUTHENTICATION_ERROR
User 8891 does not have permission to access /api/appointments,AUTHORIZATION_ERROR
Repeated 401 Unauthorized responses from IP 192.168.1.10 within short window,SECURITY_ALERT
Query timeout while fetching appointments for user 555,DATABASE_ERROR
org.hibernate.exception.ConstraintViolationException: could not execute statement,DATABASE_ERROR
com.mysql.cj.jdbc.exceptions.CommunicationsException: Communications link failure,DATABASE_ERROR
Connection reset by peer while streaming websocket data for user 60021,NETWORK_ERROR
Invalid request body for endpoint /api/auth/register: missing required field 'serviceId',VALIDATION_ERROR
Login failed for user staff2@clinic.local: invalid credentials,AUTHENTICATION_ERROR
NullPointerException while processing appointment request for user 12345,APPLICATION_ERROR
NullPointerException while processing appointment request for user 8891,APPLICATION_ERROR
User 77410 does not have permission to access /api/auth/register,AUTHORIZATION_ERROR
Possible brute force attack detected against /api/auth/login from 203.0.113.42,SECURITY_ALERT
SQL injection pattern detected in request parameter for /api/admin/schedules,SECURITY_ALERT
Possible brute force attack detected against /api/auth/login from 203.0.113.42,SECURITY_ALERT
User 203 attempted to access admin-only endpoint /api/services,AUTHORIZATION_ERROR
Appointment 555 requested for a slot close to closing time,WARNING
Application failed to start: port 8443 already in use (pid 8891),SYSTEM_ERROR
No handler registered for event type 12345,UNKNOWN
Proxy error: unable to forward request from Apache to spring-app:8443,NETWORK_ERROR
Unusual number of admin actions performed by user 60021 in a short period,SECURITY_ALERT
Deprecated API version used by client for endpoint /api/services,WARNING
Validation failed: username already exists,VALIDATION_ERROR
Application failed to start: port 8443 already in use (pid 60021),SYSTEM_ERROR
SQL injection pattern detected in request parameter for /api/services,SECURITY_ALERT
Connection refused while connecting to MySQL at mysql:3306,DATABASE_ERROR
Unusual number of admin actions performed by user 60021 in a short period,SECURITY_ALERT
User 77410 attempted to access admin-only endpoint /api/appointments/{id}/status,AUTHORIZATION_ERROR
SSL handshake failed while connecting to mail server,NETWORK_ERROR
Slow response detected for /api/appointments/{id}/status: 7300 ms,PERFORMANCE_WARNING
User 555 attempted to access admin-only endpoint /api/auth/login,AUTHORIZATION_ERROR
Connection refused while connecting to MySQL at mysql:3306,DATABASE_ERROR
User 555 registered a new account,INFO
SocketTimeoutException while sending reminder email to admin@system.local,NETWORK_ERROR
Malformed Authorization header on request to /api/appointments,AUTHENTICATION_ERROR
Appointment 31 cancelled by user 203,INFO
Disk space critically low on mysql-db volume (80 MB free),SYSTEM_ERROR
Read timed out on connection to mysql:3306,NETWORK_ERROR
Suspicious request payload containing script tags blocked for /api/services/{id}/available-slots,SECURITY_ALERT
Connection reset by peer while streaming websocket data for user 60021,NETWORK_ERROR
IllegalStateException: working schedule not initialized for staff 31,APPLICATION_ERROR
Placeholder log entry 77410 pending removal,UNKNOWN
Unusual number of admin actions performed by user 555 in a short period,SECURITY_ALERT
Legacy subsystem emitted an unrecognized diagnostic code 60021,UNKNOWN
Invalid request body for endpoint /api/services: missing required field 'serviceId',VALIDATION_ERROR
Failed to connect to PostgreSQL database,DATABASE_ERROR
Failed to connect to PostgreSQL database,DATABASE_ERROR
StackOverflowError encountered while processing recursive schedule computation for staff 9002,SYSTEM_ERROR
Uninterpreted binary blob logged at offset 4471,UNKNOWN
Failed to parse JWT claims for request to /api/appointments/{id}/cancel,AUTHENTICATION_ERROR
JWT token missing on protected endpoint /api/auth/register,AUTHENTICATION_ERROR
"Method Completed: createAppointment | Result: Appointment{id=555, status=PENDING}",INFO
SocketTimeoutException while sending reminder email to user@example.com,NETWORK_ERROR
User 4471 logged out,INFO
Unusual number of admin actions performed by user 12345 in a short period,SECURITY_ALERT
OutOfMemoryError: Java heap space in appointment-service container (attempt 555),SYSTEM_ERROR
WebSocket connection established for user 31,INFO
User 77410 does not have permission to access /api/appointments/{id}/cancel,AUTHORIZATION_ERROR
User 203 successfully logged in,INFO
Slow response detected for /api/auth/login: 6100 ms,PERFORMANCE_WARNING
User 31 attempted to access admin-only endpoint /api/appointments/{id}/cancel,AUTHORIZATION_ERROR
"Cache miss for service svc-202 listing, falling back to database",WARNING
Application failed to start: port 8443 already in use (pid 9002),SYSTEM_ERROR
Query timeout while fetching appointments for user 555,DATABASE_ERROR
Connection reset by peer while streaming websocket data for user 77410,NETWORK_ERROR
Appointment 9002 cancelled by user 203,INFO
Appointment 77410 cancelled by user 60021,INFO
"Working schedule overlaps detected for staff member 8891, auto-resolved",WARNING
Malformed Authorization header on request to /api/appointments,AUTHENTICATION_ERROR
IllegalStateException: working schedule not initialized for staff 77410,APPLICATION_ERROR
IllegalStateException: working schedule not initialized for staff 8891,APPLICATION_ERROR
User 9002 attempted to book an already-cancelled appointment,WARNING
Configuration property spring.jpa.show-sql is enabled in a non-dev profile,WARNING
Invalid request body for endpoint /api/auth/register: missing required field 'serviceId',VALIDATION_ERROR
Slow response detected for /api/services: 1500 ms,PERFORMANCE_WARNING
org.hibernate.exception.ConstraintViolationException: could not execute statement,DATABASE_ERROR
Account for user 203 locked after repeated failed authentication attempts,SECURITY_ALERT
User 31 attempted to book an already-cancelled appointment,WARNING
Slow response detected for /api/appointments/{id}/status: 80 ms,PERFORMANCE_WARNING
Malformed Authorization header on request to /api/services/{id}/available-slots,AUTHENTICATION_ERROR
Invalid request body for endpoint /api/appointments/{id}/status: missing required field 'serviceId',VALIDATION_ERROR
SQL injection pattern detected in request parameter for /api/auth/register,SECURITY_ALERT
Validation failed: password must be at least 8 characters,VALIDATION_ERROR
Disk space critically low on mysql-db volume (4200 MB free),SYSTEM_ERROR
Working schedule created for staff member 77410,INFO
User 31 does not have permission to access /api/services,AUTHORIZATION_ERROR
"Working schedule overlaps detected for staff member 203, auto-resolved",WARNING
"Working schedule overlaps detected for staff member 8891, auto-resolved",WARNING
Application failed to start: port 8443 already in use (pid 31),SYSTEM_ERROR
Application failed to start: port 8443 already in use (pid 12345),SYSTEM_ERROR
Appointment 203 cancelled by user 12345,INFO
AuthenticationException: Bad credentials for user admin@system.local,AUTHENTICATION_ERROR
Uninterpreted binary blob logged at offset 77410,UNKNOWN
Failed to serialize response for endpoint /api/appointments/{id}/cancel,APPLICATION_ERROR
Validation failed: password must be at least 8 characters,VALIDATION_ERROR
Rejected request: appointment duration must be positive,VALIDATION_ERROR
Request from 10.0.0.5 attempted path traversal on static resource path,SECURITY_ALERT
User 31 attempted to book an already-cancelled appointment,WARNING
Deprecated API version used by client for endpoint /api/appointments,WARNING
Query timeout while fetching appointments for user 12345,DATABASE_ERROR
Validation failed: username already exists,VALIDATION_ERROR
Database query for available slots took 5000 ms,PERFORMANCE_WARNING
Repeated 401 Unauthorized responses from IP 203.0.113.42 within short window,SECURITY_ALERT
Exception in method: cancelAppointment | Message: Appointment 203 not found,APPLICATION_ERROR
Unable to reach downstream service from 198.51.100.7,NETWORK_ERROR
User 8891 attempted to book an already-cancelled appointment,WARNING
No handler registered for event type 12345,UNKNOWN
IllegalStateException: working schedule not initialized for staff 77410,APPLICATION_ERROR
Expired JWT token for user 4471,AUTHENTICATION_ERROR
Invalid request body for endpoint /api/auth/register: missing required field 'serviceId',VALIDATION_ERROR
Rejected request: appointment duration must be positive,VALIDATION_ERROR
Connection reset by peer while streaming websocket data for user 4471,NETWORK_ERROR
Slow response detected for /api/services/{id}/available-slots: 80 ms,PERFORMANCE_WARNING
Slow response detected for /api/auth/login: 200 ms,PERFORMANCE_WARNING
Method getAllAppointments took 45 ms to complete,PERFORMANCE_WARNING
Completely unrelated unknown event (ref 60021),UNKNOWN
Disk space critically low on mysql-db volume (2200 MB free),SYSTEM_ERROR
Malformed Authorization header on request to /api/appointments/{id}/status,AUTHENTICATION_ERROR
Unable to reach downstream service from 192.168.1.10,NETWORK_ERROR
Failed to acquire JDBC Connection: HikariPool-1 connection is not available,DATABASE_ERROR
Appointment 60021 cancelled by user 8891,INFO
StackOverflowError encountered while processing recursive schedule computation for staff 4471,SYSTEM_ERROR
Completely unrelated unknown event (ref 203),UNKNOWN
Unable to reach downstream service from 172.17.0.3,NETWORK_ERROR
Connection reset by peer while streaming websocket data for user 9002,NETWORK_ERROR
SocketTimeoutException while sending reminder email to staff2@clinic.local,NETWORK_ERROR
Account for user 4471 locked after repeated failed authentication attempts,SECURITY_ALERT
User 31 does not have permission to access /api/auth/register,AUTHORIZATION_ERROR
Validation failed: startTime must not be null,VALIDATION_ERROR
403 Forbidden returned for request to /api/auth/register by user 60021,AUTHORIZATION_ERROR
Disk space critically low on mysql-db volume (45 MB free),SYSTEM_ERROR
Failed to serialize response for endpoint /api/appointments/{id}/status,APPLICATION_ERROR
High memory usage detected in appointment-service JVM heap,PERFORMANCE_WARNING
Validation failed: startTime must not be null,VALIDATION_ERROR
Expired JWT token for user 4471,AUTHENTICATION_ERROR
Application failed to start: port 8443 already in use (pid 31),SYSTEM_ERROR
Unusual number of admin actions performed by user 8891 in a short period,SECURITY_ALERT
User 12345 attempted to access admin-only endpoint /api/appointments,AUTHORIZATION_ERROR
Expired JWT token for user 77410,AUTHENTICATION_ERROR
Deprecated API version used by client for endpoint /api/services,WARNING
Invalid request body for endpoint /api/services/{id}/available-slots: missing required field 'serviceId',VALIDATION_ERROR
Slow response detected for /api/auth/register: 200 ms,PERFORMANCE_WARNING
Exception in method: register | Message: Unexpected error creating user account,APPLICATION_ERROR
Appointment API request took 200 ms,PERFORMANCE_WARNING
Health check passed for appointment-service,INFO
Legacy subsystem emitted an unrecognized diagnostic code 77410,UNKNOWN
Validation failed: email must be a well-formed email address,VALIDATION_ERROR
Uninterpreted binary blob logged at offset 31,UNKNOWN
Appointment 9002 cancelled by user 60021,INFO
User 60021 does not have permission to access /api/appointments,AUTHORIZATION_ERROR
User 8891 does not have permission to access /api/admin/schedules,AUTHORIZATION_ERROR
User 555 attempted to access admin-only endpoint /api/auth/register,AUTHORIZATION_ERROR
Database query for available slots took 3100 ms,PERFORMANCE_WARNING
Deadlock found when trying to get lock on table appointments; try restarting transaction,DATABASE_ERROR
Slow response detected for /api/services/{id}/available-slots: 3100 ms,PERFORMANCE_WARNING
User 77410 successfully logged in,INFO
Method getAllAppointments took 80 ms to complete,PERFORMANCE_WARNING
JWT token missing on protected endpoint /api/auth/login,AUTHENTICATION_ERROR
Query timeout while fetching appointments for user 4471,DATABASE_ERROR
"Connection pool exhausted, unable to obtain JDBC connection for appointmentdb",DATABASE_ERROR
Exception in method: cancelAppointment | Message: Appointment 4471 not found,APPLICATION_ERROR
"JVM garbage collector could not reclaim memory, heap dump 31 written",SYSTEM_ERROR
User 31 attempted to book an already-cancelled appointment,WARNING
Invalid request body for endpoint /api/services: missing required field 'serviceId',VALIDATION_ERROR
JWT token missing on protected endpoint /api/services/{id}/available-slots,AUTHENTICATION_ERROR
"Working schedule overlaps detected for staff member 60021, auto-resolved",WARNING
Validation failed: username already exists,VALIDATION_ERROR
Disk space critically low on mysql-db volume (6100 MB free),SYSTEM_ERROR
Exception in method: cancelAppointment | Message: Appointment 77410 not found,APPLICATION_ERROR
"Cache miss for service svc-330 listing, falling back to database",WARNING
"Working schedule overlaps detected for staff member 4471, auto-resolved",WARNING
Application failed to start: port 8443 already in use (pid 4471),SYSTEM_ERROR
IllegalStateException: working schedule not initialized for staff 12345,APPLICATION_ERROR
Appointment 60021 cancelled by user 203,INFO
Multiple failed login attempts detected from the same IP 203.0.113.42,SECURITY_ALERT
Container spring-app restarted unexpectedly at cycle 31,SYSTEM_ERROR
Slow response detected for /api/appointments: 7300 ms,PERFORMANCE_WARNING
Slow response detected for /api/auth/login: 5000 ms,PERFORMANCE_WARNING
Multiple failed login attempts detected from the same IP 172.17.0.3,SECURITY_ALERT
Deprecated API version used by client for endpoint /api/auth/register,WARNING
"Working schedule overlaps detected for staff member 60021, auto-resolved",WARNING
Unable to reach downstream service from 192.168.1.10,NETWORK_ERROR
403 Forbidden returned for request to /api/services by user 77410,AUTHORIZATION_ERROR
Request from 203.0.113.42 attempted path traversal on static resource path,SECURITY_ALERT
NullPointerException while processing appointment request for user 4471,APPLICATION_ERROR
Read timed out on connection to mysql:3306,NETWORK_ERROR
Failed to serialize response for endpoint /api/services/{id}/available-slots,APPLICATION_ERROR
"Fatal error: unable to load SSL keystore, service unavailable (code 31)",SYSTEM_ERROR
Disk space critically low on mysql-db volume (310 MB free),SYSTEM_ERROR
Connection refused while connecting to MySQL at mysql:3306,DATABASE_ERROR
Appointment 31 cancelled by user 8891,INFO
403 Forbidden returned for request to /api/appointments/{id}/status by user 77410,AUTHORIZATION_ERROR
"Docker health check failed for spring-app container, retry 4471",SYSTEM_ERROR
Failed to serialize response for endpoint /api/auth/register,APPLICATION_ERROR
User 9002 does not have permission to access /api/auth/login,AUTHORIZATION_ERROR
WebSocket connection established for user 203,INFO
JWT token missing on protected endpoint /api/admin/schedules,AUTHENTICATION_ERROR
"Cache miss for service svc-330 listing, falling back to database",WARNING
Query timeout while fetching appointments for user 12345,DATABASE_ERROR
Multiple failed login attempts detected from the same IP 192.168.1.10,SECURITY_ALERT
Slow response detected for /api/admin/schedules: 3100 ms,PERFORMANCE_WARNING
MethodArgumentNotValidException: appointment date must be in the future,VALIDATION_ERROR
SSL handshake failed while connecting to mail server,NETWORK_ERROR
Appointment 555 requested for a slot close to closing time,WARNING
Appointment API request took 310 ms,PERFORMANCE_WARNING
403 Forbidden returned for request to /api/admin/schedules by user 12345,AUTHORIZATION_ERROR
No handler registered for event type 8891,UNKNOWN
JWT token missing on protected endpoint /api/appointments/{id}/cancel,AUTHENTICATION_ERROR
Invalid request body for endpoint /api/admin/schedules: missing required field 'serviceId',VALIDATION_ERROR
SocketTimeoutException while sending reminder email to customer1@mail.com,NETWORK_ERROR
JWT token missing on protected endpoint /api/admin/schedules,AUTHENTICATION_ERROR
StackOverflowError encountered while processing recursive schedule computation for staff 9002,SYSTEM_ERROR
403 Forbidden returned for request to /api/services/{id}/available-slots by user 555,AUTHORIZATION_ERROR
User 203 does not have permission to access /api/services,AUTHORIZATION_ERROR
Container spring-app restarted unexpectedly at cycle 9002,SYSTEM_ERROR
StackOverflowError encountered while processing recursive schedule computation for staff 555,SYSTEM_ERROR
Invalid request body for endpoint /api/services: missing required field 'serviceId',VALIDATION_ERROR
Invalid request body for endpoint /api/services: missing required field 'serviceId',VALIDATION_ERROR
Request from 203.0.113.42 attempted path traversal on static resource path,SECURITY_ALERT
Slow response detected for /api/appointments/{id}/cancel: 2200 ms,PERFORMANCE_WARNING
Query timeout while fetching appointments for user 31,DATABASE_ERROR
Suspicious request payload containing script tags blocked for /api/appointments,SECURITY_ALERT
Unusual number of admin actions performed by user 12345 in a short period,SECURITY_ALERT
org.hibernate.exception.ConstraintViolationException: could not execute statement,DATABASE_ERROR
Failed to serialize response for endpoint /api/services/{id}/available-slots,APPLICATION_ERROR
Appointment API request took 200 ms,PERFORMANCE_WARNING
org.hibernate.exception.ConstraintViolationException: could not execute statement,DATABASE_ERROR
Possible brute force attack detected against /api/auth/login from 192.168.1.10,SECURITY_ALERT
Deprecated API version used by client for endpoint /api/admin/schedules,WARNING
Slow response detected for /api/auth/register: 4200 ms,PERFORMANCE_WARNING
Rejected request: appointment duration must be positive,VALIDATION_ERROR
Connection reset by peer while streaming websocket data for user 12345,NETWORK_ERROR
SQL injection pattern detected in request parameter for /api/services/{id}/available-slots,SECURITY_ALERT
Validation failed: username already exists,VALIDATION_ERROR
User 8891 logged out,INFO
"Docker health check failed for spring-app container, retry 4471",SYSTEM_ERROR
Rejected request: appointment duration must be positive,VALIDATION_ERROR
Container spring-app restarted unexpectedly at cycle 60021,SYSTEM_ERROR
Container spring-app restarted unexpectedly at cycle 8891,SYSTEM_ERROR
Connection reset by peer while streaming websocket data for user 31,NETWORK_ERROR
No handler registered for event type 12345,UNKNOWN
Appointment 4471 requested for a slot close to closing time,WARNING
Invalid request body for endpoint /api/services: missing required field 'serviceId',VALIDATION_ERROR
IllegalStateException: working schedule not initialized for staff 31,APPLICATION_ERROR
Deprecated API version used by client for endpoint /api/admin/schedules,WARNING
Appointment 555 cancelled by user 9002,INFO
Application failed to start: port 8443 already in use (pid 4471),SYSTEM_ERROR
Invalid request body for endpoint /api/appointments/{id}/status: missing required field 'serviceId',VALIDATION_ERROR
NullPointerException while processing appointment request for user 4471,APPLICATION_ERROR
Connection timed out while calling SMTP server smtp.gmail.com:587,NETWORK_ERROR
Invalid request body for endpoint /api/admin/schedules: missing required field 'serviceId',VALIDATION_ERROR
Uninterpreted binary blob logged at offset 8891,UNKNOWN
Unhandled RuntimeException in AppointmentService.getAvailableSlots,APPLICATION_ERROR
Slow response detected for /api/services/{id}/available-slots: 200 ms,PERFORMANCE_WARNING
Exception in method: updateStatus | Message: Invalid status transition from FINISHED to PENDING,APPLICATION_ERROR
Appointment created successfully for user 555 with service svc-9,INFO
Proxy error: unable to forward request from Apache to spring-app:8443,NETWORK_ERROR
Account for user 4471 locked after repeated failed authentication attempts,SECURITY_ALERT
User 12345 attempted to book an already-cancelled appointment,WARNING
Placeholder log entry 31 pending removal,UNKNOWN
Expired JWT token for user 12345,AUTHENTICATION_ERROR
Expired JWT token for user 4471,AUTHENTICATION_ERROR
Appointment 12345 cancelled by user 60021,INFO
Malformed Authorization header on request to /api/auth/register,AUTHENTICATION_ERROR
Validation failed: email must be a well-formed email address,VALIDATION_ERROR
Unclassified telemetry ping from unknown source 203.0.113.42,UNKNOWN
Appointment 555 cancelled by user 555,INFO
Connection reset by peer while streaming websocket data for user 8891,NETWORK_ERROR
"Working schedule overlaps detected for staff member 555, auto-resolved",WARNING
Appointment created successfully for user 60021 with service svc-101,INFO
Multiple failed login attempts detected from the same IP 198.51.100.7,SECURITY_ALERT
403 Forbidden returned for request to /api/auth/login by user 203,AUTHORIZATION_ERROR
"Method Completed: createAppointment | Result: Appointment{id=4471, status=PENDING}",INFO
"Method Completed: createAppointment | Result: Appointment{id=60021, status=PENDING}",INFO
SocketTimeoutException while sending reminder email to user@example.com,NETWORK_ERROR
Appointment created successfully for user 77410 with service svc-77,INFO
Failed to parse JWT claims for request to /api/admin/schedules,AUTHENTICATION_ERROR
Multiple failed login attempts detected from the same IP 172.17.0.3,SECURITY_ALERT
Proxy error: unable to forward request from Apache to spring-app:8443,NETWORK_ERROR
MethodArgumentNotValidException: appointment date must be in the future,VALIDATION_ERROR
Legacy subsystem emitted an unrecognized diagnostic code 555,UNKNOWN
Invalid request body for endpoint /api/appointments/{id}/status: missing required field 'serviceId',VALIDATION_ERROR
Validation failed: username already exists,VALIDATION_ERROR
Disk space critically low on mysql-db volume (1500 MB free),SYSTEM_ERROR
StackOverflowError encountered while processing recursive schedule computation for staff 60021,SYSTEM_ERROR
NullPointerException while processing appointment request for user 60021,APPLICATION_ERROR
"Fatal error: unable to load SSL keystore, service unavailable (code 77410)",SYSTEM_ERROR
Invalid request body for endpoint /api/services/{id}/available-slots: missing required field 'serviceId',VALIDATION_ERROR
com.mysql.cj.jdbc.exceptions.CommunicationsException: Communications link failure,DATABASE_ERROR
User 9002 does not have permission to access /api/appointments/{id}/status,AUTHORIZATION_ERROR
Failed to parse JWT claims for request to /api/admin/schedules,AUTHENTICATION_ERROR
Legacy subsystem emitted an unrecognized diagnostic code 77410,UNKNOWN
Appointment 31 requested for a slot close to closing time,WARNING
User 12345 attempted to book an already-cancelled appointment,WARNING
JWT token missing on protected endpoint /api/auth/register,AUTHENTICATION_ERROR
Retrying email delivery to staff2@clinic.local after transient failure,WARNING
Slow response detected for /api/appointments/{id}/status: 4200 ms,PERFORMANCE_WARNING
User 203 registered a new account,INFO
Data truncation: Data too long for column 'notes' at row 1,DATABASE_ERROR
Deprecated API version used by client for endpoint /api/auth/login,WARNING
403 Forbidden returned for request to /api/auth/register by user 555,AUTHORIZATION_ERROR
Invalid request body for endpoint /api/services: missing required field 'serviceId',VALIDATION_ERROR
Completely unrelated unknown event (ref 9002),UNKNOWN
Exception in method: cancelAppointment | Message: Appointment 8891 not found,APPLICATION_ERROR
Retrying email delivery to admin@system.local after transient failure,WARNING
NullPointerException while processing appointment request for user 203,APPLICATION_ERROR
Slow response detected for /api/auth/login: 1500 ms,PERFORMANCE_WARNING
Database query for available slots took 45 ms,PERFORMANCE_WARNING
User 8891 attempted to access admin-only endpoint /api/appointments/{id}/cancel,AUTHORIZATION_ERROR
Invalid request body for endpoint /api/appointments/{id}/cancel: missing required field 'serviceId',VALIDATION_ERROR
SQL injection pattern detected in request parameter for /api/auth/login,SECURITY_ALERT
Exception in method: cancelAppointment | Message: Appointment 203 not found,APPLICATION_ERROR
Miscellaneous debug marker 4471 left in codebase,UNKNOWN
"Docker health check failed for spring-app container, retry 77410",SYSTEM_ERROR
Failed to serialize response for endpoint /api/auth/register,APPLICATION_ERROR
NullPointerException while processing appointment request for user 203,APPLICATION_ERROR
Connection reset by peer while streaming websocket data for user 12345,NETWORK_ERROR
Read timed out on connection to mysql:3306,NETWORK_ERROR
Invalid request body for endpoint /api/auth/login: missing required field 'serviceId',VALIDATION_ERROR
Repeated 401 Unauthorized responses from IP 172.17.0.3 within short window,SECURITY_ALERT
Connection refused while connecting to MySQL at mysql:3306,DATABASE_ERROR
JWT token missing on protected endpoint /api/services/{id}/available-slots,AUTHENTICATION_ERROR
JWT token missing on protected endpoint /api/auth/register,AUTHENTICATION_ERROR
org.hibernate.exception.ConstraintViolationException: could not execute statement,DATABASE_ERROR
Deadlock found when trying to get lock on table appointments; try restarting transaction,DATABASE_ERROR
Exception in method: cancelAppointment | Message: Appointment 9002 not found,APPLICATION_ERROR
"Working schedule overlaps detected for staff member 60021, auto-resolved",WARNING
Slow response detected for /api/services: 45 ms,PERFORMANCE_WARNING
Validation failed: email must be a well-formed email address,VALIDATION_ERROR
Retrying email delivery to staff2@clinic.local after transient failure,WARNING
NullPointerException while processing appointment request for user 9002,APPLICATION_ERROR
SocketTimeoutException while sending reminder email to user@example.com,NETWORK_ERROR
Slow response detected for /api/auth/login: 200 ms,PERFORMANCE_WARNING
Uninterpreted binary blob logged at offset 555,UNKNOWN
Failed to parse JWT claims for request to /api/auth/login,AUTHENTICATION_ERROR
GC pause of 1500 ms detected on spring-app container,PERFORMANCE_WARNING
Rejected request: appointment duration must be positive,VALIDATION_ERROR
"Fatal error: unable to load SSL keystore, service unavailable (code 77410)",SYSTEM_ERROR
No handler registered for event type 4471,UNKNOWN
"JVM garbage collector could not reclaim memory, heap dump 4471 written",SYSTEM_ERROR
Unable to reach downstream service from 10.0.0.5,NETWORK_ERROR
Completely unrelated unknown event (ref 60021),UNKNOWN
Legacy subsystem emitted an unrecognized diagnostic code 31,UNKNOWN
Connection reset by peer while streaming websocket data for user 12345,NETWORK_ERROR
Suspicious request payload containing script tags blocked for /api/services,SECURITY_ALERT
Possible brute force attack detected against /api/auth/login from 10.0.0.5,SECURITY_ALERT
Expired JWT token for user 31,AUTHENTICATION_ERROR
Login failed for user admin@system.local: invalid credentials,AUTHENTICATION_ERROR
"Cache miss for service svc-202 listing, falling back to database",WARNING
Method getAllAppointments took 200 ms to complete,PERFORMANCE_WARNING
Miscellaneous debug marker 555 left in codebase,UNKNOWN
Suspicious request payload containing script tags blocked for /api/services,SECURITY_ALERT
Invalid request body for endpoint /api/auth/register: missing required field 'serviceId',VALIDATION_ERROR
Appointment created successfully for user 8891 with service svc-202,INFO
SocketTimeoutException while sending reminder email to staff2@clinic.local,NETWORK_ERROR
Placeholder log entry 9002 pending removal,UNKNOWN
Uninterpreted binary blob logged at offset 8891,UNKNOWN
Invalid request body for endpoint /api/appointments: missing required field 'serviceId',VALIDATION_ERROR
Deprecated API version used by client for endpoint /api/services/{id}/available-slots,WARNING
IllegalStateException: working schedule not initialized for staff 12345,APPLICATION_ERROR
Database query for available slots took 310 ms,PERFORMANCE_WARNING
MethodArgumentNotValidException: appointment date must be in the future,VALIDATION_ERROR
User 12345 attempted to book an already-cancelled appointment,WARNING
Exception in method: updateStatus | Message: Invalid status transition from FINISHED to PENDING,APPLICATION_ERROR
Failed to parse JWT claims for request to /api/appointments,AUTHENTICATION_ERROR
Unable to reach downstream service from 192.168.1.10,NETWORK_ERROR
User 31 successfully logged in,INFO
Invalid request body for endpoint /api/appointments/{id}/cancel: missing required field 'serviceId',VALIDATION_ERROR
Slow response detected for /api/auth/login: 3100 ms,PERFORMANCE_WARNING
Failed to connect to PostgreSQL database,DATABASE_ERROR
Malformed Authorization header on request to /api/appointments/{id}/cancel,AUTHENTICATION_ERROR
"Fatal error: unable to load SSL keystore, service unavailable (code 60021)",SYSTEM_ERROR
xkcd-node-203 heartbeat received on unmapped channel,UNKNOWN
IllegalStateException: working schedule not initialized for staff 12345,APPLICATION_ERROR
"Working schedule overlaps detected for staff member 60021, auto-resolved",WARNING
Possible brute force attack detected against /api/auth/login from 203.0.113.42,SECURITY_ALERT
Method getAllAppointments took 120 ms to complete,PERFORMANCE_WARNING
Malformed Authorization header on request to /api/appointments/{id}/status,AUTHENTICATION_ERROR
Malformed Authorization header on request to /api/admin/schedules,AUTHENTICATION_ERROR
Application failed to start: port 8443 already in use (pid 9002),SYSTEM_ERROR
Invalid request body for endpoint /api/appointments/{id}/status: missing required field 'serviceId',VALIDATION_ERROR
Deprecated API version used by client for endpoint /api/admin/schedules,WARNING
Invalid request body for endpoint /api/auth/login: missing required field 'serviceId',VALIDATION_ERROR
Failed to serialize response for endpoint /api/services,APPLICATION_ERROR
"Fatal error: unable to load SSL keystore, service unavailable (code 555)",SYSTEM_ERROR
Miscellaneous debug marker 31 left in codebase,UNKNOWN
Deadlock found when trying to get lock on table appointments; try restarting transaction,DATABASE_ERROR
No handler registered for event type 555,UNKNOWN
Validation failed: email must be a well-formed email address,VALIDATION_ERROR
"Docker health check failed for spring-app container, retry 77410",SYSTEM_ERROR
Account for user 8891 locked after repeated failed authentication attempts,SECURITY_ALERT
Query timeout while fetching appointments for user 77410,DATABASE_ERROR
Connection reset by peer while streaming websocket data for user 60021,NETWORK_ERROR
IllegalStateException: working schedule not initialized for staff 203,APPLICATION_ERROR
User 9002 attempted to access admin-only endpoint /api/services/{id}/available-slots,AUTHORIZATION_ERROR
Unable to reach downstream service from 172.17.0.3,NETWORK_ERROR
Proxy error: unable to forward request from Apache to spring-app:8443,NETWORK_ERROR
Appointment 12345 cancelled by user 8891,INFO
Appointment 9002 requested for a slot close to closing time,WARNING
Appointment 203 requested for a slot close to closing time,WARNING
SQL injection pattern detected in request parameter for /api/appointments/{id}/cancel,SECURITY_ALERT
Invalid request body for endpoint /api/services/{id}/available-slots: missing required field 'serviceId',VALIDATION_ERROR
xkcd-node-31 heartbeat received on unmapped channel,UNKNOWN
Appointment 77410 status updated to ACCEPTED,INFO
Failed to parse JWT claims for request to /api/services,AUTHENTICATION_ERROR
NullPointerException while processing appointment request for user 60021,APPLICATION_ERROR
Failed to parse JWT claims for request to /api/appointments/{id}/cancel,AUTHENTICATION_ERROR
Table 'appointmentdb.working_schedule' doesn't exist,DATABASE_ERROR
SQL injection pattern detected in request parameter for /api/admin/schedules,SECURITY_ALERT
Failed to serialize response for endpoint /api/appointments,APPLICATION_ERROR
Login failed for user admin@system.local: invalid credentials,AUTHENTICATION_ERROR
xkcd-node-60021 heartbeat received on unmapped channel,UNKNOWN
Invalid request body for endpoint /api/admin/schedules: missing required field 'serviceId',VALIDATION_ERROR
Connection reset by peer while streaming websocket data for user 12345,NETWORK_ERROR
WebSocket connection established for user 8891,INFO
GC pause of 1500 ms detected on spring-app container,PERFORMANCE_WARNING
User 12345 registered a new account,INFO
Possible brute force attack detected against /api/auth/login from 10.0.0.5,SECURITY_ALERT
Unusual number of admin actions performed by user 9002 in a short period,SECURITY_ALERT
Disk space critically low on mysql-db volume (45 MB free),SYSTEM_ERROR
Failed to connect to PostgreSQL database,DATABASE_ERROR
Retrying email delivery to user@example.com after transient failure,WARNING
Slow response detected for /api/services/{id}/available-slots: 80 ms,PERFORMANCE_WARNING
"Cache miss for service svc-77 listing, falling back to database",WARNING
Unable to reach downstream service from 10.0.0.5,NETWORK_ERROR
Completely unrelated unknown event (ref 555),UNKNOWN
"Cache miss for service svc-202 listing, falling back to database",WARNING
Query timeout while fetching appointments for user 12345,DATABASE_ERROR
Connection reset by peer while streaming websocket data for user 31,NETWORK_ERROR
Disk space critically low on mysql-db volume (6100 MB free),SYSTEM_ERROR
Exception in method: createAppointment | Message: Requested slot is no longer available,APPLICATION_ERROR
403 Forbidden returned for request to /api/services by user 31,AUTHORIZATION_ERROR
Retrying email delivery to customer1@mail.com after transient failure,WARNING
AccessDeniedException: role CUSTOMER cannot perform this action on /api/appointments/{id}/cancel,AUTHORIZATION_ERROR
Validation failed: email must be a well-formed email address,VALIDATION_ERROR
User 12345 does not have permission to access /api/appointments,AUTHORIZATION_ERROR
Slow response detected for /api/admin/schedules: 80 ms,PERFORMANCE_WARNING
Miscellaneous debug marker 4471 left in codebase,UNKNOWN
Appointment 203 requested for a slot close to closing time,WARNING
Slow response detected for /api/appointments/{id}/status: 120 ms,PERFORMANCE_WARNING
User 9002 logged out,INFO
"Docker health check failed for spring-app container, retry 203",SYSTEM_ERROR
Query timeout while fetching appointments for user 77410,DATABASE_ERROR
Unusual number of admin actions performed by user 60021 in a short period,SECURITY_ALERT
"Fatal error: unable to load SSL keystore, service unavailable (code 203)",SYSTEM_ERROR
Expired JWT token for user 8891,AUTHENTICATION_ERROR
Expired JWT token for user 203,AUTHENTICATION_ERROR
User 555 attempted to access admin-only endpoint /api/services,AUTHORIZATION_ERROR
Appointment 203 cancelled by user 77410,INFO
Method getAllAppointments took 200 ms to complete,PERFORMANCE_WARNING
Query timeout while fetching appointments for user 12345,DATABASE_ERROR
Invalid request body for endpoint /api/appointments/{id}/status: missing required field 'serviceId',VALIDATION_ERROR
User 60021 registered a new account,INFO
Multiple failed login attempts detected from the same IP 203.0.113.42,SECURITY_ALERT
User 203 attempted to access admin-only endpoint /api/auth/login,AUTHORIZATION_ERROR
WebSocket connection established for user 77410,INFO
Miscellaneous debug marker 8891 left in codebase,UNKNOWN
Invalid request body for endpoint /api/appointments: missing required field 'serviceId',VALIDATION_ERROR
Repeated 401 Unauthorized responses from IP 172.17.0.3 within short window,SECURITY_ALERT
Unclassified telemetry ping from unknown source 198.51.100.7,UNKNOWN
NullPointerException while processing appointment request for user 8891,APPLICATION_ERROR
Expired JWT token for user 9002,AUTHENTICATION_ERROR
NullPointerException while processing appointment request for user 31,APPLICATION_ERROR
Slow response detected for /api/appointments: 120 ms,PERFORMANCE_WARNING
Query timeout while fetching appointments for user 12345,DATABASE_ERROR
Account for user 12345 locked after repeated failed authentication attempts,SECURITY_ALERT
Exception in method: register | Message: Unexpected error creating user account,APPLICATION_ERROR
Suspicious request payload containing script tags blocked for /api/admin/schedules,SECURITY_ALERT
Exception in method: register | Message: Unexpected error creating user account,APPLICATION_ERROR
Invalid request body for endpoint /api/appointments: missing required field 'serviceId',VALIDATION_ERROR
Appointment 9002 cancelled by user 9002,INFO
Placeholder log entry 31 pending removal,UNKNOWN
Expired JWT token for user 77410,AUTHENTICATION_ERROR
403 Forbidden returned for request to /api/appointments by user 4471,AUTHORIZATION_ERROR
SocketTimeoutException while sending reminder email to user@example.com,NETWORK_ERROR
403 Forbidden returned for request to /api/services/{id}/available-slots by user 203,AUTHORIZATION_ERROR
Possible brute force attack detected against /api/auth/login from 198.51.100.7,SECURITY_ALERT
Legacy subsystem emitted an unrecognized diagnostic code 60021,UNKNOWN
"Cache miss for service svc-330 listing, falling back to database",WARNING
Query timeout while fetching appointments for user 555,DATABASE_ERROR
xkcd-node-8891 heartbeat received on unmapped channel,UNKNOWN
Method getAllAppointments took 7300 ms to complete,PERFORMANCE_WARNING
Slow response detected for /api/admin/schedules: 200 ms,PERFORMANCE_WARNING
JWT token missing on protected endpoint /api/appointments,AUTHENTICATION_ERROR
Failed to connect to PostgreSQL database,DATABASE_ERROR
Connection reset by peer while streaming websocket data for user 60021,NETWORK_ERROR
"Connection pool exhausted, unable to obtain JDBC connection for appointmentdb",DATABASE_ERROR
Appointment created successfully for user 31 with service svc-330,INFO
Account for user 31 locked after repeated failed authentication attempts,SECURITY_ALERT
com.mysql.cj.jdbc.exceptions.CommunicationsException: Communications link failure,DATABASE_ERROR
Query timeout while fetching appointments for user 60021,DATABASE_ERROR
JWT token missing on protected endpoint /api/services,AUTHENTICATION_ERROR
403 Forbidden returned for request to /api/services by user 8891,AUTHORIZATION_ERROR
Exception in method: cancelAppointment | Message: Appointment 9002 not found,APPLICATION_ERROR
User 12345 attempted to book an already-cancelled appointment,WARNING
Validation failed: email must be a well-formed email address,VALIDATION_ERROR
Connection reset by peer while streaming websocket data for user 9002,NETWORK_ERROR
Rejected request: appointment duration must be positive,VALIDATION_ERROR
Unable to reach downstream service from 198.51.100.7,NETWORK_ERROR
Retrying email delivery to customer1@mail.com after transient failure,WARNING
Slow response detected for /api/admin/schedules: 200 ms,PERFORMANCE_WARNING
Failed to connect to PostgreSQL database,DATABASE_ERROR
Slow response detected for /api/admin/schedules: 1500 ms,PERFORMANCE_WARNING
Exception in method: cancelAppointment | Message: Appointment 60021 not found,APPLICATION_ERROR
Validation failed: email must be a well-formed email address,VALIDATION_ERROR
Slow response detected for /api/appointments: 45 ms,PERFORMANCE_WARNING
Slow response detected for /api/auth/login: 4200 ms,PERFORMANCE_WARNING
IllegalStateException: working schedule not initialized for staff 9002,APPLICATION_ERROR
Rejected request: appointment duration must be positive,VALIDATION_ERROR
User 203 attempted to book an already-cancelled appointment,WARNING
AuthenticationException: Bad credentials for user admin@system.local,AUTHENTICATION_ERROR
Invalid request body for endpoint /api/auth/register: missing required field 'serviceId',VALIDATION_ERROR
Connection reset by peer while streaming websocket data for user 60021,NETWORK_ERROR
Appointment 555 cancelled by user 555,INFO
Exception in method: cancelAppointment | Message: Appointment 12345 not found,APPLICATION_ERROR
Suspicious request payload containing script tags blocked for /api/services,SECURITY_ALERT
Appointment 12345 requested for a slot close to closing time,WARNING
Disk space critically low on mysql-db volume (6100 MB free),SYSTEM_ERROR
User 8891 attempted to book an already-cancelled appointment,WARNING
Data truncation: Data too long for column 'notes' at row 1,DATABASE_ERROR
Configuration property spring.jpa.show-sql is enabled in a non-dev profile,WARNING
Rejected request: appointment duration must be positive,VALIDATION_ERROR
xkcd-node-555 heartbeat received on unmapped channel,UNKNOWN
Connection reset by peer while streaming websocket data for user 60021,NETWORK_ERROR
Failed to parse JWT claims for request to /api/appointments,AUTHENTICATION_ERROR
Rejected request: appointment duration must be positive,VALIDATION_ERROR
User 8891 attempted to access admin-only endpoint /api/admin/schedules,AUTHORIZATION_ERROR
Unhandled RuntimeException in AppointmentService.getAvailableSlots,APPLICATION_ERROR
Appointment 77410 requested for a slot close to closing time,WARNING
"Working schedule overlaps detected for staff member 12345, auto-resolved",WARNING
Slow response detected for /api/services/{id}/available-slots: 4200 ms,PERFORMANCE_WARNING
Appointment created successfully for user 60021 with service svc-77,INFO
Unable to reach downstream service from 203.0.113.42,NETWORK_ERROR
Exception in method: updateStatus | Message: Invalid status transition from FINISHED to PENDING,APPLICATION_ERROR
SQL injection pattern detected in request parameter for /api/auth/register,SECURITY_ALERT
Expired JWT token for user 203,AUTHENTICATION_ERROR
Appointment created successfully for user 60021 with service svc-202,INFO
Failed to serialize response for endpoint /api/services/{id}/available-slots,APPLICATION_ERROR
Appointment 77410 cancelled by user 77410,INFO
Appointment API request took 200 ms,PERFORMANCE_WARNING
"Working schedule overlaps detected for staff member 4471, auto-resolved",WARNING
JWT token missing on protected endpoint /api/auth/login,AUTHENTICATION_ERROR
Account for user 8891 locked after repeated failed authentication attempts,SECURITY_ALERT
NullPointerException while processing appointment request for user 203,APPLICATION_ERROR
Query timeout while fetching appointments for user 9002,DATABASE_ERROR
Slow response detected for /api/appointments/{id}/cancel: 200 ms,PERFORMANCE_WARNING
StackOverflowError encountered while processing recursive schedule computation for staff 9002,SYSTEM_ERROR
Appointment 77410 cancelled by user 203,INFO
Exception in method: updateStatus | Message: Invalid status transition from FINISHED to PENDING,APPLICATION_ERROR
Unable to reach downstream service from 10.0.0.5,NETWORK_ERROR
Connection reset by peer while streaming websocket data for user 9002,NETWORK_ERROR
Slow response detected for /api/admin/schedules: 7300 ms,PERFORMANCE_WARNING
IllegalStateException: working schedule not initialized for staff 8891,APPLICATION_ERROR
Placeholder log entry 60021 pending removal,UNKNOWN
Appointment 555 cancelled by user 31,INFO
xkcd-node-555 heartbeat received on unmapped channel,UNKNOWN
Thread pool queue depth elevated while processing /api/auth/login requests,PERFORMANCE_WARNING
Query timeout while fetching appointments for user 555,DATABASE_ERROR
NullPointerException while processing appointment request for user 8891,APPLICATION_ERROR
StackOverflowError encountered while processing recursive schedule computation for staff 12345,SYSTEM_ERROR
User 60021 does not have permission to access /api/services/{id}/available-slots,AUTHORIZATION_ERROR
Appointment created successfully for user 555 with service svc-330,INFO
NullPointerException while processing appointment request for user 555,APPLICATION_ERROR
SSL handshake failed while connecting to mail server,NETWORK_ERROR
com.mysql.cj.jdbc.exceptions.CommunicationsException: Communications link failure,DATABASE_ERROR
Login failed for user customer1@mail.com: invalid credentials,AUTHENTICATION_ERROR
Service svc-77 retrieved successfully,INFO
Invalid request body for endpoint /api/services/{id}/available-slots: missing required field 'serviceId',VALIDATION_ERROR
Legacy subsystem emitted an unrecognized diagnostic code 203,UNKNOWN
Connection reset by peer while streaming websocket data for user 555,NETWORK_ERROR
"Cache miss for service svc-77 listing, falling back to database",WARNING
Connection reset by peer while streaming websocket data for user 8891,NETWORK_ERROR
"Cache miss for service svc-101 listing, falling back to database",WARNING
OutOfMemoryError: Java heap space in appointment-service container (attempt 60021),SYSTEM_ERROR
Query timeout while fetching appointments for user 12345,DATABASE_ERROR
StackOverflowError encountered while processing recursive schedule computation for staff 8891,SYSTEM_ERROR
Connection reset by peer while streaming websocket data for user 12345,NETWORK_ERROR
403 Forbidden returned for request to /api/auth/login by user 8891,AUTHORIZATION_ERROR
Completely unrelated unknown event (ref 8891),UNKNOWN
Malformed Authorization header on request to /api/auth/login,AUTHENTICATION_ERROR
Appointment created successfully for user 12345 with service svc-9,INFO
NullPointerException while processing appointment request for user 8891,APPLICATION_ERROR
Request from 198.51.100.7 attempted path traversal on static resource path,SECURITY_ALERT
Unable to reach downstream service from 10.0.0.5,NETWORK_ERROR
SQL injection pattern detected in request parameter for /api/services,SECURITY_ALERT
403 Forbidden returned for request to /api/appointments by user 8891,AUTHORIZATION_ERROR
"Method Completed: createAppointment | Result: Appointment{id=12345, status=PENDING}",INFO
Request from 192.168.1.10 attempted path traversal on static resource path,SECURITY_ALERT
Connection timed out while calling SMTP server smtp.gmail.com:587,NETWORK_ERROR
NullPointerException while processing appointment request for user 8891,APPLICATION_ERROR
Failed to serialize response for endpoint /api/appointments/{id}/status,APPLICATION_ERROR
No handler registered for event type 77410,UNKNOWN
Deprecated API version used by client for endpoint /api/admin/schedules,WARNING
Container spring-app restarted unexpectedly at cycle 4471,SYSTEM_ERROR
Failed to parse JWT claims for request to /api/auth/login,AUTHENTICATION_ERROR
User 9002 does not have permission to access /api/services,AUTHORIZATION_ERROR
Slow response detected for /api/services: 4200 ms,PERFORMANCE_WARNING
User 203 attempted to access admin-only endpoint /api/admin/schedules,AUTHORIZATION_ERROR
Validation failed: password must be at least 8 characters,VALIDATION_ERROR
User 4471 does not have permission to access /api/appointments,AUTHORIZATION_ERROR
Miscellaneous debug marker 8891 left in codebase,UNKNOWN
Invalid request body for endpoint /api/appointments/{id}/status: missing required field 'serviceId',VALIDATION_ERROR
Appointment 8891 requested for a slot close to closing time,WARNING
Appointment API request took 2200 ms,PERFORMANCE_WARNING
Appointment 9002 cancelled by user 77410,INFO
User 60021 does not have permission to access /api/services/{id}/available-slots,AUTHORIZATION_ERROR
Slow response detected for /api/services: 120 ms,PERFORMANCE_WARNING
Miscellaneous debug marker 8891 left in codebase,UNKNOWN
Failed to acquire JDBC Connection: HikariPool-1 connection is not available,DATABASE_ERROR
"JVM garbage collector could not reclaim memory, heap dump 60021 written",SYSTEM_ERROR
Invalid request body for endpoint /api/services: missing required field 'serviceId',VALIDATION_ERROR
Forbidden: STAFF role required to update appointment status,AUTHORIZATION_ERROR
Uninterpreted binary blob logged at offset 9002,UNKNOWN
Proxy error: unable to forward request from Apache to spring-app:8443,NETWORK_ERROR
OutOfMemoryError: Java heap space in appointment-service container (attempt 60021),SYSTEM_ERROR
Appointment 60021 cancelled by user 31,INFO
Service svc-9 retrieved successfully,INFO
Connection reset by peer while streaming websocket data for user 77410,NETWORK_ERROR
User 8891 attempted to book an already-cancelled appointment,WARNING
Malformed Authorization header on request to /api/appointments,AUTHENTICATION_ERROR
Application failed to start: port 8443 already in use (pid 77410),SYSTEM_ERROR
OutOfMemoryError: Java heap space in appointment-service container (attempt 555),SYSTEM_ERROR
Query timeout while fetching appointments for user 31,DATABASE_ERROR
GC pause of 7300 ms detected on spring-app container,PERFORMANCE_WARNING
Appointment created successfully for user 9002 with service svc-202,INFO
User 12345 does not have permission to access /api/admin/schedules,AUTHORIZATION_ERROR
403 Forbidden returned for request to /api/auth/register by user 12345,AUTHORIZATION_ERROR
Failed to serialize response for endpoint /api/appointments/{id}/status,APPLICATION_ERROR
Appointment created successfully for user 8891 with service svc-9,INFO
Completely unrelated unknown event (ref 9002),UNKNOWN
IllegalStateException: working schedule not initialized for staff 555,APPLICATION_ERROR
403 Forbidden returned for request to /api/appointments/{id}/cancel by user 31,AUTHORIZATION_ERROR
Invalid request body for endpoint /api/appointments: missing required field 'serviceId',VALIDATION_ERROR
Invalid request body for endpoint /api/services/{id}/available-slots: missing required field 'serviceId',VALIDATION_ERROR
IllegalStateException: working schedule not initialized for staff 555,APPLICATION_ERROR
Data truncation: Data too long for column 'notes' at row 1,DATABASE_ERROR
Expired JWT token for user 203,AUTHENTICATION_ERROR
com.mysql.cj.jdbc.exceptions.CommunicationsException: Communications link failure,DATABASE_ERROR
OutOfMemoryError: Java heap space in appointment-service container (attempt 77410),SYSTEM_ERROR
JWT token missing on protected endpoint /api/appointments,AUTHENTICATION_ERROR
Connection reset by peer while streaming websocket data for user 77410,NETWORK_ERROR
"Docker health check failed for spring-app container, retry 555",SYSTEM_ERROR
Unusual number of admin actions performed by user 555 in a short period,SECURITY_ALERT
Multiple failed login attempts detected from the same IP 172.17.0.3,SECURITY_ALERT
403 Forbidden returned for request to /api/admin/schedules by user 9002,AUTHORIZATION_ERROR
xkcd-node-4471 heartbeat received on unmapped channel,UNKNOWN
"Docker health check failed for spring-app container, retry 60021",SYSTEM_ERROR
Appointment 555 requested for a slot close to closing time,WARNING
SQL injection pattern detected in request parameter for /api/auth/login,SECURITY_ALERT
Database query for available slots took 200 ms,PERFORMANCE_WARNING
Deprecated API version used by client for endpoint /api/appointments/{id}/cancel,WARNING
Disk space critically low on mysql-db volume (5000 MB free),SYSTEM_ERROR
Multiple failed login attempts detected from the same IP 172.17.0.3,SECURITY_ALERT
"JVM garbage collector could not reclaim memory, heap dump 9002 written",SYSTEM_ERROR
"Working schedule overlaps detected for staff member 9002, auto-resolved",WARNING
Malformed Authorization header on request to /api/appointments/{id}/status,AUTHENTICATION_ERROR
Expired JWT token for user 31,AUTHENTICATION_ERROR
User 12345 does not have permission to access /api/appointments/{id}/status,AUTHORIZATION_ERROR
SQL injection pattern detected in request parameter for /api/auth/register,SECURITY_ALERT
Invalid request body for endpoint /api/appointments: missing required field 'serviceId',VALIDATION_ERROR
Exception in method: cancelAppointment | Message: Appointment 203 not found,APPLICATION_ERROR
Exception in method: cancelAppointment | Message: Appointment 203 not found,APPLICATION_ERROR
Validation failed: startTime must not be null,VALIDATION_ERROR
403 Forbidden returned for request to /api/auth/login by user 555,AUTHORIZATION_ERROR
Uninterpreted binary blob logged at offset 77410,UNKNOWN
MethodArgumentNotValidException: appointment date must be in the future,VALIDATION_ERROR
Query timeout while fetching appointments for user 555,DATABASE_ERROR
NullPointerException while processing appointment request for user 60021,APPLICATION_ERROR
SocketTimeoutException while sending reminder email to admin@system.local,NETWORK_ERROR
Placeholder log entry 555 pending removal,UNKNOWN
Malformed Authorization header on request to /api/services,AUTHENTICATION_ERROR
Exception in method: register | Message: Unexpected error creating user account,APPLICATION_ERROR
"Docker health check failed for spring-app container, retry 12345",SYSTEM_ERROR
Failed to parse JWT claims for request to /api/auth/login,AUTHENTICATION_ERROR
SocketTimeoutException while sending reminder email to customer1@mail.com,NETWORK_ERROR
Slow response detected for /api/auth/register: 45 ms,PERFORMANCE_WARNING
Invalid request body for endpoint /api/auth/login: missing required field 'serviceId',VALIDATION_ERROR
Application failed to start: port 8443 already in use (pid 555),SYSTEM_ERROR
Method: getMyAppointments | Arguments: [],INFO
Failed to serialize response for endpoint /api/auth/register,APPLICATION_ERROR
Invalid request body for endpoint /api/appointments: missing required field 'serviceId',VALIDATION_ERROR
Slow response detected for /api/appointments/{id}/cancel: 80 ms,PERFORMANCE_WARNING
xkcd-node-77410 heartbeat received on unmapped channel,UNKNOWN
No handler registered for event type 77410,UNKNOWN
User 203 attempted to book an already-cancelled appointment,WARNING
Connection refused while connecting to MySQL at mysql:3306,DATABASE_ERROR
Account for user 9002 locked after repeated failed authentication attempts,SECURITY_ALERT
Possible brute force attack detected against /api/auth/login from 10.0.0.5,SECURITY_ALERT
Container spring-app restarted unexpectedly at cycle 31,SYSTEM_ERROR
Slow response detected for /api/appointments/{id}/status: 6100 ms,PERFORMANCE_WARNING
Connection refused while connecting to MySQL at mysql:3306,DATABASE_ERROR
Uninterpreted binary blob logged at offset 9002,UNKNOWN
Slow response detected for /api/auth/register: 80 ms,PERFORMANCE_WARNING
Query timeout while fetching appointments for user 8891,DATABASE_ERROR
Container spring-app restarted unexpectedly at cycle 31,SYSTEM_ERROR
Slow response detected for /api/services/{id}/available-slots: 6100 ms,PERFORMANCE_WARNING
StackOverflowError encountered while processing recursive schedule computation for staff 9002,SYSTEM_ERROR
JWT token missing on protected endpoint /api/admin/schedules,AUTHENTICATION_ERROR
No handler registered for event type 77410,UNKNOWN
Database query for available slots took 1500 ms,PERFORMANCE_WARNING
Repeated 401 Unauthorized responses from IP 172.17.0.3 within short window,SECURITY_ALERT
IllegalStateException: working schedule not initialized for staff 4471,APPLICATION_ERROR
Account for user 9002 locked after repeated failed authentication attempts,SECURITY_ALERT
"Method Completed: createAppointment | Result: Appointment{id=203, status=PENDING}",INFO
Failed to parse JWT claims for request to /api/appointments,AUTHENTICATION_ERROR
"Working schedule overlaps detected for staff member 9002, auto-resolved",WARNING
Invalid request body for endpoint /api/admin/schedules: missing required field 'serviceId',VALIDATION_ERROR
Unable to reach downstream service from 203.0.113.42,NETWORK_ERROR
403 Forbidden returned for request to /api/appointments by user 77410,AUTHORIZATION_ERROR
SQL injection pattern detected in request parameter for /api/services/{id}/available-slots,SECURITY_ALERT
xkcd-node-60021 heartbeat received on unmapped channel,UNKNOWN
NullPointerException while processing appointment request for user 77410,APPLICATION_ERROR
User 31 logged out,INFO
SocketTimeoutException while sending reminder email to staff2@clinic.local,NETWORK_ERROR
Connection refused while connecting to MySQL at mysql:3306,DATABASE_ERROR
Method getAllAppointments took 200 ms to complete,PERFORMANCE_WARNING
JWT token missing on protected endpoint /api/auth/login,AUTHENTICATION_ERROR
Slow response detected for /api/services: 6100 ms,PERFORMANCE_WARNING
Connection timed out while calling SMTP server smtp.gmail.com:587,NETWORK_ERROR
NullPointerException while processing appointment request for user 203,APPLICATION_ERROR
Query timeout while fetching appointments for user 77410,DATABASE_ERROR
Expired JWT token for user 12345,AUTHENTICATION_ERROR
Container spring-app restarted unexpectedly at cycle 555,SYSTEM_ERROR
MethodArgumentNotValidException: appointment date must be in the future,VALIDATION_ERROR
User 31 attempted to book an already-cancelled appointment,WARNING
SocketTimeoutException while sending reminder email to staff2@clinic.local,NETWORK_ERROR
Deprecated API version used by client for endpoint /api/services/{id}/available-slots,WARNING
Query timeout while fetching appointments for user 9002,DATABASE_ERROR
Proxy error: unable to forward request from Apache to spring-app:8443,NETWORK_ERROR
Failed to acquire JDBC Connection: HikariPool-1 connection is not available,DATABASE_ERROR
User 555 attempted to book an already-cancelled appointment,WARNING
Disk space critically low on mysql-db volume (80 MB free),SYSTEM_ERROR
Appointment created successfully for user 77410 with service svc-9,INFO
Retrying email delivery to customer1@mail.com after transient failure,WARNING
Read timed out on connection to mysql:3306,NETWORK_ERROR
Proxy error: unable to forward request from Apache to spring-app:8443,NETWORK_ERROR
Appointment 60021 cancelled by user 77410,INFO
Placeholder log entry 203 pending removal,UNKNOWN
Query timeout while fetching appointments for user 555,DATABASE_ERROR
Deprecated API version used by client for endpoint /api/auth/register,WARNING
"Cache miss for service svc-330 listing, falling back to database",WARNING
OutOfMemoryError: Java heap space in appointment-service container (attempt 203),SYSTEM_ERROR
OutOfMemoryError: Java heap space in appointment-service container (attempt 31),SYSTEM_ERROR
Application failed to start: port 8443 already in use (pid 555),SYSTEM_ERROR
User 4471 does not have permission to access /api/services,AUTHORIZATION_ERROR
"Cache miss for service svc-77 listing, falling back to database",WARNING
Exception in method: register | Message: Unexpected error creating user account,APPLICATION_ERROR
Connection reset by peer while streaming websocket data for user 12345,NETWORK_ERROR
Appointment API request took 6100 ms,PERFORMANCE_WARNING
Multiple failed login attempts detected from the same IP 198.51.100.7,SECURITY_ALERT
"Docker health check failed for spring-app container, retry 77410",SYSTEM_ERROR
Invalid request body for endpoint /api/auth/register: missing required field 'serviceId',VALIDATION_ERROR
Connection reset by peer while streaming websocket data for user 12345,NETWORK_ERROR
Failed to parse JWT claims for request to /api/auth/register,AUTHENTICATION_ERROR
Table 'appointmentdb.working_schedule' doesn't exist,DATABASE_ERROR
NullPointerException while processing appointment request for user 9002,APPLICATION_ERROR
Appointment created successfully for user 12345 with service svc-202,INFO
Appointment created successfully for user 203 with service svc-77,INFO
Deprecated API version used by client for endpoint /api/appointments,WARNING
StackOverflowError encountered while processing recursive schedule computation for staff 12345,SYSTEM_ERROR
Invalid request body for endpoint /api/appointments/{id}/cancel: missing required field 'serviceId',VALIDATION_ERROR
Rejected request: appointment duration must be positive,VALIDATION_ERROR
Exception in method: cancelAppointment | Message: Appointment 555 not found,APPLICATION_ERROR
Validation failed: email must be a well-formed email address,VALIDATION_ERROR
Disk space critically low on mysql-db volume (200 MB free),SYSTEM_ERROR
JWT token missing on protected endpoint /api/appointments/{id}/cancel,AUTHENTICATION_ERROR
Application failed to start: port 8443 already in use (pid 4471),SYSTEM_ERROR
Invalid request body for endpoint /api/auth/register: missing required field 'serviceId',VALIDATION_ERROR
Slow response detected for /api/admin/schedules: 4200 ms,PERFORMANCE_WARNING
"Working schedule overlaps detected for staff member 8891, auto-resolved",WARNING
Validation failed: startTime must not be null,VALIDATION_ERROR
AccessDeniedException: role CUSTOMER cannot perform this action on /api/services/{id}/available-slots,AUTHORIZATION_ERROR
Legacy subsystem emitted an unrecognized diagnostic code 555,UNKNOWN
Account for user 12345 locked after repeated failed authentication attempts,SECURITY_ALERT
Unusual number of admin actions performed by user 8891 in a short period,SECURITY_ALERT
Database query for available slots took 2200 ms,PERFORMANCE_WARNING
Disk space critically low on mysql-db volume (80 MB free),SYSTEM_ERROR
Appointment 203 requested for a slot close to closing time,WARNING
User 9002 attempted to access admin-only endpoint /api/appointments,AUTHORIZATION_ERROR
User 203 attempted to book an already-cancelled appointment,WARNING
Connection reset by peer while streaming websocket data for user 555,NETWORK_ERROR
Query timeout while fetching appointments for user 9002,DATABASE_ERROR
Query timeout while fetching appointments for user 9002,DATABASE_ERROR
"Cache miss for service svc-9 listing, falling back to database",WARNING
Multiple failed login attempts detected from the same IP 198.51.100.7,SECURITY_ALERT
"Cache miss for service svc-202 listing, falling back to database",WARNING
IllegalStateException: working schedule not initialized for staff 60021,APPLICATION_ERROR
Appointment 77410 cancelled by user 555,INFO
Reminder email sent to user@example.com for upcoming appointment,INFO
User 4471 does not have permission to access /api/services/{id}/available-slots,AUTHORIZATION_ERROR
Request from 10.0.0.5 attempted path traversal on static resource path,SECURITY_ALERT
Legacy subsystem emitted an unrecognized diagnostic code 4471,UNKNOWN
"Method Completed: createAppointment | Result: Appointment{id=77410, status=PENDING}",INFO
Database query for available slots took 120 ms,PERFORMANCE_WARNING
Working schedule created for staff member 4471,INFO
Possible brute force attack detected against /api/auth/login from 10.0.0.5,SECURITY_ALERT
Miscellaneous debug marker 9002 left in codebase,UNKNOWN
Connection reset by peer while streaming websocket data for user 4471,NETWORK_ERROR
SQL injection pattern detected in request parameter for /api/appointments/{id}/status,SECURITY_ALERT
Connection timed out while calling SMTP server smtp.gmail.com:587,NETWORK_ERROR
Disk space critically low on mysql-db volume (200 MB free),SYSTEM_ERROR
Failed to serialize response for endpoint /api/services,APPLICATION_ERROR
"Docker health check failed for spring-app container, retry 12345",SYSTEM_ERROR
Possible brute force attack detected against /api/auth/login from 203.0.113.42,SECURITY_ALERT
Invalid request body for endpoint /api/services/{id}/available-slots: missing required field 'serviceId',VALIDATION_ERROR
Working schedule created for staff member 77410,INFO
Account for user 8891 locked after repeated failed authentication attempts,SECURITY_ALERT
Failed to acquire JDBC Connection: HikariPool-1 connection is not available,DATABASE_ERROR
Invalid request body for endpoint /api/services: missing required field 'serviceId',VALIDATION_ERROR
User 9002 attempted to book an already-cancelled appointment,WARNING
Invalid request body for endpoint /api/appointments/{id}/status: missing required field 'serviceId',VALIDATION_ERROR
AuthenticationException: Bad credentials for user admin@system.local,AUTHENTICATION_ERROR
Expired JWT token for user 9002,AUTHENTICATION_ERROR
Appointment created successfully for user 8891 with service svc-101,INFO
Appointment created successfully for user 4471 with service svc-9,INFO
Invalid request body for endpoint /api/appointments: missing required field 'serviceId',VALIDATION_ERROR
Appointment created successfully for user 8891 with service svc-330,INFO
Invalid request body for endpoint /api/admin/schedules: missing required field 'serviceId',VALIDATION_ERROR
IllegalStateException: working schedule not initialized for staff 4471,APPLICATION_ERROR
Query timeout while fetching appointments for user 31,DATABASE_ERROR
User 60021 attempted to book an already-cancelled appointment,WARNING
Exception in method: cancelAppointment | Message: Appointment 8891 not found,APPLICATION_ERROR
GC pause of 2200 ms detected on spring-app container,PERFORMANCE_WARNING
Suspicious request payload containing script tags blocked for /api/appointments/{id}/cancel,SECURITY_ALERT
Connection reset by peer while streaming websocket data for user 203,NETWORK_ERROR
Validation failed: startTime must not be null,VALIDATION_ERROR
Appointment 4471 status updated to ACCEPTED,INFO
Slow response detected for /api/appointments: 200 ms,PERFORMANCE_WARNING
Multiple failed login attempts detected from the same IP 203.0.113.42,SECURITY_ALERT
Malformed Authorization header on request to /api/appointments/{id}/cancel,AUTHENTICATION_ERROR
Slow response detected for /api/appointments: 3100 ms,PERFORMANCE_WARNING
Connection reset by peer while streaming websocket data for user 4471,NETWORK_ERROR
Disk space critically low on mysql-db volume (5000 MB free),SYSTEM_ERROR
OutOfMemoryError: Java heap space in appointment-service container (attempt 555),SYSTEM_ERROR
Placeholder log entry 60021 pending removal,UNKNOWN
JWT token missing on protected endpoint /api/appointments,AUTHENTICATION_ERROR
Connection refused while connecting to MySQL at mysql:3306,DATABASE_ERROR
Appointment created successfully for user 12345 with service svc-77,INFO
Appointment 203 cancelled by user 60021,INFO
403 Forbidden returned for request to /api/services by user 4471,AUTHORIZATION_ERROR
Malformed Authorization header on request to /api/appointments/{id}/status,AUTHENTICATION_ERROR
403 Forbidden returned for request to /api/auth/login by user 31,AUTHORIZATION_ERROR
IllegalStateException: working schedule not initialized for staff 9002,APPLICATION_ERROR
JWT token missing on protected endpoint /api/auth/login,AUTHENTICATION_ERROR
Container spring-app restarted unexpectedly at cycle 77410,SYSTEM_ERROR
JWT token missing on protected endpoint /api/appointments,AUTHENTICATION_ERROR
Container spring-app restarted unexpectedly at cycle 203,SYSTEM_ERROR
Slow response detected for /api/appointments/{id}/cancel: 7300 ms,PERFORMANCE_WARNING
Invalid request body for endpoint /api/auth/register: missing required field 'serviceId',VALIDATION_ERROR
Validation failed: email must be a well-formed email address,VALIDATION_ERROR
NullPointerException while processing appointment request for user 12345,APPLICATION_ERROR
Failed to parse JWT claims for request to /api/appointments/{id}/cancel,AUTHENTICATION_ERROR
User 203 attempted to access admin-only endpoint /api/appointments/{id}/cancel,AUTHORIZATION_ERROR
User 77410 does not have permission to access /api/appointments,AUTHORIZATION_ERROR
com.mysql.cj.jdbc.exceptions.CommunicationsException: Communications link failure,DATABASE_ERROR
Slow response detected for /api/admin/schedules: 80 ms,PERFORMANCE_WARNING
Expired JWT token for user 555,AUTHENTICATION_ERROR
Available slots fetched for service svc-101 on requested date,INFO
Appointment 8891 status updated to ACCEPTED,INFO
Invalid request body for endpoint /api/auth/login: missing required field 'serviceId',VALIDATION_ERROR
"Working schedule overlaps detected for staff member 4471, auto-resolved",WARNING
Query timeout while fetching appointments for user 4471,DATABASE_ERROR
Appointment created successfully for user 9002 with service svc-77,INFO
User 31 does not have permission to access /api/admin/schedules,AUTHORIZATION_ERROR
User 203 attempted to book an already-cancelled appointment,WARNING
Retrying email delivery to staff2@clinic.local after transient failure,WARNING
SQL injection pattern detected in request parameter for /api/auth/login,SECURITY_ALERT
Validation failed: email must be a well-formed email address,VALIDATION_ERROR
Appointment 60021 cancelled by user 4471,INFO
User 555 does not have permission to access /api/appointments/{id}/status,AUTHORIZATION_ERROR
Appointment 203 requested for a slot close to closing time,WARNING
Query timeout while fetching appointments for user 555,DATABASE_ERROR
Application failed to start: port 8443 already in use (pid 60021),SYSTEM_ERROR
Disk space critically low on mysql-db volume (6100 MB free),SYSTEM_ERROR
403 Forbidden returned for request to /api/services by user 9002,AUTHORIZATION_ERROR
Slow response detected for /api/auth/register: 1500 ms,PERFORMANCE_WARNING
403 Forbidden returned for request to /api/services/{id}/available-slots by user 9002,AUTHORIZATION_ERROR
Expired JWT token for user 77410,AUTHENTICATION_ERROR
403 Forbidden returned for request to /api/auth/register by user 8891,AUTHORIZATION_ERROR
Malformed Authorization header on request to /api/services,AUTHENTICATION_ERROR
User 8891 does not have permission to access /api/auth/login,AUTHORIZATION_ERROR
GC pause of 80 ms detected on spring-app container,PERFORMANCE_WARNING
"Fatal error: unable to load SSL keystore, service unavailable (code 9002)",SYSTEM_ERROR
OutOfMemoryError: Java heap space in appointment-service container (attempt 60021),SYSTEM_ERROR
xkcd-node-31 heartbeat received on unmapped channel,UNKNOWN
Invalid request body for endpoint /api/auth/register: missing required field 'serviceId',VALIDATION_ERROR
Invalid request body for endpoint /api/appointments: missing required field 'serviceId',VALIDATION_ERROR
User 31 attempted to book an already-cancelled appointment,WARNING
Expired JWT token for user 203,AUTHENTICATION_ERROR
User 77410 attempted to access admin-only endpoint /api/appointments,AUTHORIZATION_ERROR
403 Forbidden returned for request to /api/auth/login by user 9002,AUTHORIZATION_ERROR
Slow response detected for /api/appointments/{id}/cancel: 3100 ms,PERFORMANCE_WARNING
Invalid request body for endpoint /api/appointments/{id}/cancel: missing required field 'serviceId',VALIDATION_ERROR
Login failed for user admin@system.local: invalid credentials,AUTHENTICATION_ERROR
User 60021 attempted to access admin-only endpoint /api/admin/schedules,AUTHORIZATION_ERROR
Configuration property spring.jpa.show-sql is enabled in a non-dev profile,WARNING
JWT token missing on protected endpoint /api/services,AUTHENTICATION_ERROR
Connection reset by peer while streaming websocket data for user 203,NETWORK_ERROR
Appointment API request took 80 ms,PERFORMANCE_WARNING
Possible brute force attack detected against /api/auth/login from 203.0.113.42,SECURITY_ALERT
Invalid request body for endpoint /api/auth/register: missing required field 'serviceId',VALIDATION_ERROR
NullPointerException while processing appointment request for user 9002,APPLICATION_ERROR
"Fatal error: unable to load SSL keystore, service unavailable (code 31)",SYSTEM_ERROR
Database query for available slots took 1500 ms,PERFORMANCE_WARNING
Appointment created successfully for user 60021 with service svc-9,INFO
User 77410 attempted to book an already-cancelled appointment,WARNING
Connection reset by peer while streaming websocket data for user 77410,NETWORK_ERROR
Appointment 555 status updated to ACCEPTED,INFO
User 203 logged out,INFO
Unhandled RuntimeException in AppointmentService.getAvailableSlots,APPLICATION_ERROR
Read timed out on connection to mysql:3306,NETWORK_ERROR
SocketTimeoutException while sending reminder email to admin@system.local,NETWORK_ERROR
User 77410 does not have permission to access /api/appointments/{id}/status,AUTHORIZATION_ERROR
Slow response detected for /api/auth/login: 5000 ms,PERFORMANCE_WARNING
SSL handshake failed while connecting to mail server,NETWORK_ERROR
Data truncation: Data too long for column 'notes' at row 1,DATABASE_ERROR
Invalid request body for endpoint /api/appointments/{id}/status: missing required field 'serviceId',VALIDATION_ERROR
User 9002 does not have permission to access /api/appointments/{id}/cancel,AUTHORIZATION_ERROR
Invalid request body for endpoint /api/auth/register: missing required field 'serviceId',VALIDATION_ERROR
Validation failed: startTime must not be null,VALIDATION_ERROR
Reminder email sent to user@example.com for upcoming appointment,INFO
Expired JWT token for user 60021,AUTHENTICATION_ERROR
No handler registered for event type 4471,UNKNOWN
Validation failed: username already exists,VALIDATION_ERROR
JWT token missing on protected endpoint /api/auth/login,AUTHENTICATION_ERROR
"Fatal error: unable to load SSL keystore, service unavailable (code 203)",SYSTEM_ERROR
Failed to parse JWT claims for request to /api/auth/register,AUTHENTICATION_ERROR
403 Forbidden returned for request to /api/appointments/{id}/status by user 12345,AUTHORIZATION_ERROR
Connection refused while connecting to MySQL at mysql:3306,DATABASE_ERROR
Slow response detected for /api/appointments: 4200 ms,PERFORMANCE_WARNING
Disk space critically low on mysql-db volume (5000 MB free),SYSTEM_ERROR
"Working schedule overlaps detected for staff member 555, auto-resolved",WARNING
Failed to serialize response for endpoint /api/auth/login,APPLICATION_ERROR
Retrying email delivery to admin@system.local after transient failure,WARNING
Appointment created successfully for user 203 with service svc-9,INFO
Unclassified telemetry ping from unknown source 192.168.1.10,UNKNOWN
Connection reset by peer while streaming websocket data for user 77410,NETWORK_ERROR
Appointment 555 requested for a slot close to closing time,WARNING
Method getAllAppointments took 1500 ms to complete,PERFORMANCE_WARNING
Request from 203.0.113.42 attempted path traversal on static resource path,SECURITY_ALERT
Invalid request body for endpoint /api/appointments/{id}/cancel: missing required field 'serviceId',VALIDATION_ERROR
No handler registered for event type 203,UNKNOWN
Appointment API request took 7300 ms,PERFORMANCE_WARNING
Connection refused while connecting to MySQL at mysql:3306,DATABASE_ERROR
SQL injection pattern detected in request parameter for /api/appointments/{id}/cancel,SECURITY_ALERT
Miscellaneous debug marker 9002 left in codebase,UNKNOWN
User 4471 attempted to access admin-only endpoint /api/admin/schedules,AUTHORIZATION_ERROR
Repeated 401 Unauthorized responses from IP 198.51.100.7 within short window,SECURITY_ALERT
Rejected request: appointment duration must be positive,VALIDATION_ERROR
Failed to serialize response for endpoint /api/appointments/{id}/cancel,APPLICATION_ERROR
Account for user 77410 locked after repeated failed authentication attempts,SECURITY_ALERT
Malformed Authorization header on request to /api/auth/register,AUTHENTICATION_ERROR
Suspicious request payload containing script tags blocked for /api/services,SECURITY_ALERT
Proxy error: unable to forward request from Apache to spring-app:8443,NETWORK_ERROR
Account for user 9002 locked after repeated failed authentication attempts,SECURITY_ALERT
Deprecated API version used by client for endpoint /api/auth/register,WARNING
JWT token missing on protected endpoint /api/appointments/{id}/cancel,AUTHENTICATION_ERROR
AuthenticationException: Bad credentials for user admin@system.local,AUTHENTICATION_ERROR
Appointment 8891 cancelled by user 12345,INFO
Unable to reach downstream service from 172.17.0.3,NETWORK_ERROR
Deadlock found when trying to get lock on table appointments; try restarting transaction,DATABASE_ERROR
Table 'appointmentdb.working_schedule' doesn't exist,DATABASE_ERROR
Login failed for user staff2@clinic.local: invalid credentials,AUTHENTICATION_ERROR
Invalid request body for endpoint /api/appointments/{id}/cancel: missing required field 'serviceId',VALIDATION_ERROR
User 31 attempted to book an already-cancelled appointment,WARNING
xkcd-node-4471 heartbeat received on unmapped channel,UNKNOWN
Rejected request: appointment duration must be positive,VALIDATION_ERROR
NullPointerException while processing appointment request for user 555,APPLICATION_ERROR
AuthenticationException: Bad credentials for user user@example.com,AUTHENTICATION_ERROR
Validation failed: password must be at least 8 characters,VALIDATION_ERROR
SQL injection pattern detected in request parameter for /api/services,SECURITY_ALERT
403 Forbidden returned for request to /api/services/{id}/available-slots by user 4471,AUTHORIZATION_ERROR
Expired JWT token for user 555,AUTHENTICATION_ERROR
Invalid request body for endpoint /api/auth/register: missing required field 'serviceId',VALIDATION_ERROR
Validation failed: username already exists,VALIDATION_ERROR
NullPointerException while processing appointment request for user 203,APPLICATION_ERROR
403 Forbidden returned for request to /api/admin/schedules by user 12345,AUTHORIZATION_ERROR
User 9002 tried to cancel an appointment belonging to another user,AUTHORIZATION_ERROR
Appointment 31 cancelled by user 4471,INFO
Uninterpreted binary blob logged at offset 555,UNKNOWN
Request from 198.51.100.7 attempted path traversal on static resource path,SECURITY_ALERT
Uninterpreted binary blob logged at offset 203,UNKNOWN
Invalid request body for endpoint /api/services: missing required field 'serviceId',VALIDATION_ERROR
JWT token missing on protected endpoint /api/auth/login,AUTHENTICATION_ERROR
Thread pool queue depth elevated while processing /api/appointments/{id}/cancel requests,PERFORMANCE_WARNING
Legacy subsystem emitted an unrecognized diagnostic code 9002,UNKNOWN
NullPointerException while processing appointment request for user 4471,APPLICATION_ERROR
"Docker health check failed for spring-app container, retry 555",SYSTEM_ERROR
Failed to serialize response for endpoint /api/auth/login,APPLICATION_ERROR
Malformed Authorization header on request to /api/appointments/{id}/status,AUTHENTICATION_ERROR
Repeated 401 Unauthorized responses from IP 172.17.0.3 within short window,SECURITY_ALERT
Account for user 203 locked after repeated failed authentication attempts,SECURITY_ALERT
"Cache miss for service svc-101 listing, falling back to database",WARNING
Container spring-app restarted unexpectedly at cycle 31,SYSTEM_ERROR
User 8891 registered a new account,INFO
Exception in method: cancelAppointment | Message: Appointment 31 not found,APPLICATION_ERROR
Uninterpreted binary blob logged at offset 12345,UNKNOWN
IllegalStateException: working schedule not initialized for staff 9002,APPLICATION_ERROR
403 Forbidden returned for request to /api/appointments/{id}/status by user 9002,AUTHORIZATION_ERROR
SocketTimeoutException while sending reminder email to user@example.com,NETWORK_ERROR
"Fatal error: unable to load SSL keystore, service unavailable (code 4471)",SYSTEM_ERROR
Slow response detected for /api/auth/login: 45 ms,PERFORMANCE_WARNING
Application failed to start: port 8443 already in use (pid 12345),SYSTEM_ERROR
Exception in method: cancelAppointment | Message: Appointment 31 not found,APPLICATION_ERROR
Method getAllAppointments took 6100 ms to complete,PERFORMANCE_WARNING
Query timeout while fetching appointments for user 12345,DATABASE_ERROR
Disk space critically low on mysql-db volume (1500 MB free),SYSTEM_ERROR
Expired JWT token for user 60021,AUTHENTICATION_ERROR
Placeholder log entry 203 pending removal,UNKNOWN
Connection reset by peer while streaming websocket data for user 60021,NETWORK_ERROR
Working schedule created for staff member 12345,INFO
Exception in method: cancelAppointment | Message: Appointment 9002 not found,APPLICATION_ERROR
Unclassified telemetry ping from unknown source 203.0.113.42,UNKNOWN
GC pause of 6100 ms detected on spring-app container,PERFORMANCE_WARNING
Appointment 31 requested for a slot close to closing time,WARNING
Invalid request body for endpoint /api/appointments/{id}/status: missing required field 'serviceId',VALIDATION_ERROR
Query timeout while fetching appointments for user 77410,DATABASE_ERROR
xkcd-node-9002 heartbeat received on unmapped channel,UNKNOWN
403 Forbidden returned for request to /api/auth/register by user 9002,AUTHORIZATION_ERROR
Exception in method: updateStatus | Message: Invalid status transition from FINISHED to PENDING,APPLICATION_ERROR
Query timeout while fetching appointments for user 203,DATABASE_ERROR
Failed to parse JWT claims for request to /api/services/{id}/available-slots,AUTHENTICATION_ERROR
User 12345 does not have permission to access /api/auth/login,AUTHORIZATION_ERROR
Slow response detected for /api/services/{id}/available-slots: 7300 ms,PERFORMANCE_WARNING
Appointment created successfully for user 555 with service svc-330,INFO
Appointment 4471 cancelled by user 77410,INFO
Failed to parse JWT claims for request to /api/appointments/{id}/status,AUTHENTICATION_ERROR
User 77410 logged out,INFO
403 Forbidden returned for request to /api/admin/schedules by user 555,AUTHORIZATION_ERROR
MethodArgumentNotValidException: appointment date must be in the future,VALIDATION_ERROR
"JVM garbage collector could not reclaim memory, heap dump 12345 written",SYSTEM_ERROR
Uninterpreted binary blob logged at offset 4471,UNKNOWN
"Connection pool exhausted, unable to obtain JDBC connection for appointmentdb",DATABASE_ERROR
Appointment created successfully for user 9002 with service svc-101,INFO
User 12345 attempted to book an already-cancelled appointment,WARNING
com.mysql.cj.jdbc.exceptions.CommunicationsException: Communications link failure,DATABASE_ERROR
Request from 192.168.1.10 attempted path traversal on static resource path,SECURITY_ALERT
Query timeout while fetching appointments for user 12345,DATABASE_ERROR
StackOverflowError encountered while processing recursive schedule computation for staff 8891,SYSTEM_ERROR
Rejected request: appointment duration must be positive,VALIDATION_ERROR
Exception in method: cancelAppointment | Message: Appointment 4471 not found,APPLICATION_ERROR
Legacy subsystem emitted an unrecognized diagnostic code 60021,UNKNOWN
"Cache miss for service svc-9 listing, falling back to database",WARNING
Method getAllAppointments took 1500 ms to complete,PERFORMANCE_WARNING
Suspicious request payload containing script tags blocked for /api/auth/login,SECURITY_ALERT
Repeated 401 Unauthorized responses from IP 203.0.113.42 within short window,SECURITY_ALERT
User 4471 tried to cancel an appointment belonging to another user,AUTHORIZATION_ERROR
Failed to parse JWT claims for request to /api/auth/login,AUTHENTICATION_ERROR
Appointment 555 requested for a slot close to closing time,WARNING
Failed to acquire JDBC Connection: HikariPool-1 connection is not available,DATABASE_ERROR
403 Forbidden returned for request to /api/appointments/{id}/status by user 555,AUTHORIZATION_ERROR
403 Forbidden returned for request to /api/services/{id}/available-slots by user 8891,AUTHORIZATION_ERROR
Unusual number of admin actions performed by user 31 in a short period,SECURITY_ALERT
Connection reset by peer while streaming websocket data for user 12345,NETWORK_ERROR
User 12345 does not have permission to access /api/services,AUTHORIZATION_ERROR
Failed to serialize response for endpoint /api/services,APPLICATION_ERROR
User 31 attempted to book an already-cancelled appointment,WARNING
Request from 192.168.1.10 attempted path traversal on static resource path,SECURITY_ALERT
Login failed for user staff2@clinic.local: invalid credentials,AUTHENTICATION_ERROR
Invalid JWT token,AUTHENTICATION_ERROR
NullPointerException while processing appointment request for user 12345,APPLICATION_ERROR
Unable to reach downstream service from 203.0.113.42,NETWORK_ERROR
xkcd-node-555 heartbeat received on unmapped channel,UNKNOWN
Appointment 8891 requested for a slot close to closing time,WARNING
StackOverflowError encountered while processing recursive schedule computation for staff 31,SYSTEM_ERROR
Thread pool queue depth elevated while processing /api/auth/login requests,PERFORMANCE_WARNING
Disk space critically low on mysql-db volume (80 MB free),SYSTEM_ERROR
Deprecated API version used by client for endpoint /api/appointments,WARNING
Appointment 203 cancelled by user 31,INFO
Appointment 77410 cancelled by user 8891,INFO
Miscellaneous debug marker 203 left in codebase,UNKNOWN
Miscellaneous debug marker 31 left in codebase,UNKNOWN
Invalid request body for endpoint /api/appointments/{id}/status: missing required field 'serviceId',VALIDATION_ERROR
Container spring-app restarted unexpectedly at cycle 555,SYSTEM_ERROR
Query timeout while fetching appointments for user 60021,DATABASE_ERROR
JWT token missing on protected endpoint /api/auth/login,AUTHENTICATION_ERROR
Invalid request body for endpoint /api/admin/schedules: missing required field 'serviceId',VALIDATION_ERROR
OutOfMemoryError: Java heap space in appointment-service container (attempt 9002),SYSTEM_ERROR
Query timeout while fetching appointments for user 4471,DATABASE_ERROR
Query timeout while fetching appointments for user 31,DATABASE_ERROR
Validation failed: email must be a well-formed email address,VALIDATION_ERROR
Account for user 12345 locked after repeated failed authentication attempts,SECURITY_ALERT
Request from 172.17.0.3 attempted path traversal on static resource path,SECURITY_ALERT
SQL injection pattern detected in request parameter for /api/appointments,SECURITY_ALERT
"Cache miss for service svc-330 listing, falling back to database",WARNING
Invalid request body for endpoint /api/appointments/{id}/status: missing required field 'serviceId',VALIDATION_ERROR
Completely unrelated unknown event (ref 4471),UNKNOWN
Application failed to start: port 8443 already in use (pid 31),SYSTEM_ERROR
